"","Anon.Student.Id","firstHintGeom","hintsGeom","errorsGeom","stubbornGeom","numErrors1","numErrors2","numErrors3","numErrors4","numHints1","numHints2","numHints3","numHints4","steptime1","steptime2","steptime3","steptime4","firstHint1","firstHint2","firstHint3","firstHint4"
"1","Stu_0219136de66a5f3a0db28b2dd02a3dda",0.2,0.405405405405405,0.0903614457831325,0.333333333333333,112,86,68,36,8,7,21,8,2686,2150,1866,4392,6,3,5,2
"2","Stu_029eb9f0cdfed76e9886909ffa3204c5",0.363636363636364,0.731707317073171,0.0817438692098093,0.416666666666667,82,75,108,72,4,4,1,2,1932,2105,1688,6038,4,1,1,1
"3","Stu_02ffd6d9e6cec505aff1d197490d4516",0.0588235294117647,0.0946372239747634,0.0884955752212389,0.0821917808219178,97,81,66,65,80,103,83,21,2164,1720,1295,7080,41,19,3,1
"4","Stu_0326178080208c048588af537814223c",0.571428571428571,0.833333333333333,0.138888888888889,0.25,50,39,48,49,3,2,1,0,1504,42689,5521,3066,1,2,0,0
"5","Stu_03663f81703974bda3196288bbf66b81",0.114285714285714,0.236220472440945,0.069284064665127,0.219512195121951,108,108,109,78,13,33,33,18,2908,2536,2508,6903,7,11,12,1
"6","Stu_03c2835b10aaf0656553c50c1e93f9b6",0.0533333333333333,0.106007067137809,0.0892857142857143,0.0853658536585366,108,72,69,57,69,96,59,29,2669,2640,1980,5259,48,17,5,1
"7","Stu_05e8954ca1a8c3a12436eca6835a621d",1,1,0.206896551724138,NA,35,30,30,20,0,0,0,0,3630,11160,4859,3744,0,0,0,0
"8","Stu_07028f34082e2d4088498ab7f7cad6dd",0.133333333333333,0.192307692307692,0.078125,0.235294117647059,95,85,101,73,25,32,50,19,4219,2564,2117,4724,10,7,9,0
"9","Stu_0769b9457a7a842c8b2d35ff3ffdec1e",0.333333333333333,0.482758620689655,0.103321033210332,0.384615384615385,75,70,61,37,3,6,14,7,2102,2033,2010,4745,1,4,3,0
"10","Stu_07fd78dd83d1ec46bf245b362819060b",0.0952380952380952,0.149253731343284,0.0705882352941176,0.173913043478261,116,108,92,79,46,44,76,5,2859,2315,1820,5228,22,10,6,0
"11","Stu_08362a13568069b25224a4db8fe7b4de",0.235294117647059,0.352941176470588,0.0623700623700624,0.347826086956522,134,121,115,81,5,28,15,7,2817,8398,10760,6738,3,9,1,0
"12","Stu_086041242bb397f893ec9d1d8bd7b51e",0.121212121212121,0.176470588235294,0.0980392156862745,0.216216216216216,91,76,63,46,29,48,48,15,3033,16523,2609,5209,17,8,4,0
"13","Stu_08d8c87c555e0637063113ccde57c63f",0.142857142857143,0.227272727272727,0.101351351351351,0.25,72,75,82,37,30,40,29,3,1876,11450,11028,2202,12,8,4,0
"14","Stu_0be70eb2a871c319496ac62dfade9f8b",0.571428571428571,0.78125,0.308641975308642,0.5,16,18,13,9,0,5,2,0,1647,1323,1056,5323,0,3,0,0
"15","Stu_0cfcc8521a7c73c8e642667a5314f321",0.5,0.857142857142857,0.285714285714286,0.333333333333333,20,25,20,10,1,3,1,0,2217,2231,1749,3926,1,2,1,0
"16","Stu_0d123da7b8eaa1d2260a16cc636831dc",0.235294117647059,0.481481481481482,0.178082191780822,0.277777777777778,52,31,20,17,7,15,3,3,3926,1840,1576,6381,6,5,0,2
"17","Stu_0ee832c267511e90d6a09634ae50a465",1,1,0.116731517509728,NA,58,74,71,24,0,0,0,0,1590,6682,5850,10079,0,0,0,0
"18","Stu_0fa421b3109ce01515e05cc17fa47613",0.108108108108108,0.205479452054795,0.066815144766147,0.266666666666667,132,123,110,54,24,32,44,16,2453,32930,21231,4154,9,15,7,2
"19","Stu_0fc0cabe2864f1ada56adf7ec53eaa33",0.222222222222222,0.46875,0.196078431372549,0.263157894736842,52,25,30,16,14,14,4,2,1983,13227,16582,18977,6,6,1,1
"20","Stu_111100933da82866fcea6d998b2deb88",0.222222222222222,0.348837209302326,0.091743119266055,0.222222222222222,90,77,92,38,28,15,11,2,2304,28528,7960,6950,13,1,0,0
"21","Stu_122441360922d6ad0f5b0367cb224916",0.235294117647059,0.517241379310345,0.181818181818182,0.176470588235294,47,38,23,27,20,7,1,0,2736,18704,3083,11035,12,1,0,0
"22","Stu_126e43921d496179255efa8d4402800c",0.8,0.909090909090909,0.303030303030303,0.5,25,21,9,14,1,2,0,0,2467,14065,2665,9625,1,0,0,0
"23","Stu_13c739cc2ac583df28b45ae2917fbce6",0.4,0.731707317073171,0.0659340659340659,0.5,129,110,128,58,3,3,4,1,3007,2676,2720,5178,1,2,2,1
"24","Stu_144c675927ba36789ed6433f989b90da",0.181818181818182,0.294117647058824,0.112781954887218,0.296296296296296,88,57,61,30,11,24,29,8,3230,2043,2497,7206,6,4,7,1
"25","Stu_15595b84aabe355079cb53ef616b7ff0",0.166666666666667,0.3,0.109090909090909,0.230769230769231,84,62,59,40,23,23,17,7,2373,2367,2730,13191,10,6,4,0
"26","Stu_17ccef196180f04dd04afcd4eaf5f203",0.0714285714285714,0.12987012987013,0.0737100737100737,0.131147540983607,113,103,94,67,71,51,56,23,3198,6088,2406,14696,30,10,11,1
"27","Stu_182ab5c6a511381519769eb29a180a4d",0.444444444444444,0.612244897959184,0.143540669856459,0.444444444444444,58,48,46,27,4,7,7,1,2442,12381,6066,17673,2,2,1,0
"28","Stu_1bfc65cd36fb6211ea966b1d86b77f3c",1,1,0.24,NA,34,28,19,14,0,0,0,0,3818,40622,12795,12337,0,0,0,0
"29","Stu_1dccb85afc5f24b01e7c83dff6c056b4",1,1,0.194805194805195,NA,43,27,37,17,0,0,0,0,2349,2424,2128,10622,0,0,0,0
"30","Stu_1e4ba2eea4732b758cc4e0fbaa9a3c9c",0.0754716981132075,0.119047619047619,0.0737100737100737,0.180327868852459,124,100,97,56,71,80,56,15,1917,1667,2295,7486,30,16,3,0
"31","Stu_1f6a93d6bcec19559022bd21494d24c8",0.25,0.416666666666667,0.169491525423729,0.333333333333333,41,39,39,28,7,11,19,5,5166,62101,9427,11594,4,4,4,0
"32","Stu_21550f769032c2d7ab4a8d8ef1a39bb8",0.153846153846154,0.247933884297521,0.0733496332518337,0.290322580645161,110,107,100,62,26,26,16,23,2702,2093,1984,10710,12,3,5,2
"33","Stu_21ef58ac79f20083cdfdf6f0e536bf9a",0.210526315789474,0.384615384615385,0.10752688172043,0.285714285714286,73,76,61,39,16,16,15,1,1828,55893,24886,6283,9,4,2,0
"34","Stu_2282d5f2e47add10b810d1ff77566c10",0.333333333333333,0.714285714285714,0.0852272727272727,0.466666666666667,97,89,86,50,1,5,6,0,3022,2423,2290,5890,1,3,4,0
"35","Stu_23e8ae434f20a444e7f95d89042f3f34",0.133333333333333,0.254237288135593,0.115830115830116,0.212121212121212,73,67,61,28,12,27,37,12,3169,2357,3371,17300,8,11,6,1
"36","Stu_23f26c510b39216759de1f95f9dbb35a",0.5,0.789473684210526,0.20979020979021,0.5,38,27,31,17,2,4,2,0,1642,21754,14059,4870,2,1,1,0
"37","Stu_27101c4660fe8895eb6a1f836e17cce8",0.25,0.5,0.185185185185185,0.294117647058824,37,33,39,23,10,12,8,0,6738,23051,7444,11696,5,6,1,0
"38","Stu_27378bffbee0faf03d2016ebf61cc7e2",0.363636363636364,0.731707317073171,0.0872093023255814,0.416666666666667,78,98,93,45,0,5,4,2,1740,28135,13431,14162,0,3,2,2
"39","Stu_27c0b9382669f1c56e2adcde294d65b4",0.4,0.769230769230769,0.177514792899408,0.5,49,27,36,27,2,3,3,1,1915,7287,4723,4585,1,3,2,0
"40","Stu_28a0a6c45a340ff204f21bf16b234197",0.114285714285714,0.181818181818182,0.0707547169811321,0.205128205128205,120,114,100,60,22,36,56,21,2278,1771,4808,17027,13,7,10,1
"41","Stu_296d75f607d62ce8f3294e6bdd4a7d19",0.181818181818182,0.375,0.119521912350598,0.307692307692308,79,71,42,29,6,15,19,10,3256,3359,6238,8049,4,9,4,1
"42","Stu_29824806b2ceca13a6d99c682848beaf",0.114285714285714,0.218978102189781,0.137614678899083,0.179487179487179,63,45,51,29,37,38,19,13,2975,5466,2415,10727,17,8,5,1
"43","Stu_2a0b823d015e212365a16f380c1b54e8",0.0597014925373134,0.0613496932515337,0.0681818181818182,0.166666666666667,149,99,91,71,117,146,132,64,2873,1917,1307,9681,46,11,5,1
"44","Stu_2a91910904fb41d5ecf20e658e293aaf",0.444444444444444,0.604166666666667,0.367088607594937,0.375,21,7,10,12,7,11,1,0,3541,2333,1966,6121,3,2,0,0
"45","Stu_2bf0ef986d28a5420a214e5dbf5f30d1",0.363636363636364,0.6,0.0517241379310345,0.416666666666667,171,161,157,61,6,5,4,5,3559,3352,2847,10874,4,0,1,2
"46","Stu_2bf7614f688dbd63efac7129bd8254fa",0.25,0.566037735849057,0.133333333333333,0.368421052631579,75,61,41,18,5,13,4,1,2463,2177,2580,14410,5,6,1,0
"47","Stu_2c42b138d26591dc5b54152cfa791415",1,1,0.122881355932203,NA,69,51,48,39,0,0,0,0,2529,1967,1791,15173,0,0,0,0
"48","Stu_2e9121fd839305a77a508af7a45b5ae7",0.04,0.0334075723830735,0.0645161290322581,0.073394495412844,138,114,97,86,278,266,251,73,2195,2216,2594,13254,92,3,0,1
"49","Stu_2f5aa276ac6828ad5a90285263efad21",1,1,0.155555555555556,NA,50,37,39,26,0,0,0,0,1714,19237,11309,4491,0,0,0,0
"50","Stu_2fd29e4bc51bde5c4c548818b338f41f",0.8,0.967741935483871,0.197368421052632,0.5,31,39,32,20,0,1,0,0,2856,2012,2615,6441,0,1,0,0
"51","Stu_2fd6d00f7bc643e0847c83f26cd2c932",0.0597014925373134,0.0817438692098093,0.0709219858156028,0.125,95,96,114,88,68,114,106,49,3698,2830,2737,6297,34,22,5,2
"52","Stu_303b9129edf2ef2f27aa842f7e942c1c",0.333333333333333,0.769230769230769,0.0591715976331361,0.466666666666667,147,139,117,74,3,3,1,2,2373,2178,1806,10240,3,3,0,2
"53","Stu_310fea7d7a347617b97db08c6063f398",0.19047619047619,0.3125,0.0923076923076923,0.28,94,69,89,43,17,26,20,3,3024,2485,2701,12059,10,5,2,0
"54","Stu_3121c17de835bc4bef8b3a7fb303edaf",0.25,0.535714285714286,0.37037037037037,0.142857142857143,19,7,13,12,12,6,6,2,1893,35981,10316,6444,8,1,2,1
"55","Stu_3152fd806a55fe5abffc86370e59c0e0",0.137931034482759,0.218978102189781,0.114503816793893,0.1875,61,58,68,45,48,26,24,9,2324,2650,2080,17039,18,2,4,1
"56","Stu_32956a071e61d87f1f11cb5fb48c843b",0.0952380952380952,0.16304347826087,0.087719298245614,0.191489361702128,116,78,77,41,29,70,40,15,2885,2330,3061,6123,16,18,3,1
"57","Stu_33f585ad39c49eb30468ee16f2a43d31",0.0769230769230769,0.128205128205128,0.111940298507463,0.127272727272727,96,49,57,36,62,78,57,7,2917,2450,3123,10770,30,14,4,0
"58","Stu_3424f65fd324f5acbbcbfb1d1916e38d",0.4,0.810810810810811,0.25,0.4,34,24,19,13,2,4,1,0,4013,21651,10578,8927,2,3,1,0
"59","Stu_3516f7cd5b8fcf5ea7971f987c374470",0.8,0.909090909090909,0.227272727272727,0.5,32,26,25,19,0,3,0,0,1991,28816,15482,10620,0,1,0,0
"60","Stu_3546243c148e1c0fd550487155c2633a",0.666666666666667,0.882352941176471,0.202702702702703,0.5,38,28,26,26,0,0,4,0,2211,13358,8265,5417,0,0,2,0
"61","Stu_36979e9baa927de19e4ea67ec6ccde6a",0.444444444444444,0.733333333333333,0.275,0.444444444444444,18,17,16,7,4,1,3,0,2209,2096,1812,6742,2,1,2,0
"62","Stu_380a9d496fab86f4e174ad26555f1d50",0.137931034482759,0.2,0.119521912350598,0.193548387096774,75,58,51,37,39,37,39,5,2560,1889,2633,6658,14,8,3,0
"63","Stu_38a0d1274ef939b9f5f172c3e83a2d9a",0.363636363636364,0.625,0.151515151515152,0.384615384615385,63,43,33,29,2,10,4,2,1730,11451,2861,15377,2,5,0,0
"64","Stu_393d6b2d24728a7e72914375802109e5",0.285714285714286,0.681818181818182,0.0867052023121387,0.333333333333333,97,110,74,35,2,7,4,1,2048,10884,1577,8672,2,6,2,0
"65","Stu_3a0b2c76d92919b95698c978840c5b59",0.153846153846154,0.27027027027027,0.136986301369863,0.266666666666667,62,48,62,17,5,21,38,17,1830,12720,12590,10362,3,8,11,0
"66","Stu_3ad63fe9dc17b3bcd4e3e459753eedfc",0.0547945205479452,0.0544464609800363,0.0557620817843866,0.166666666666667,204,144,106,54,140,170,144,67,2721,3205,2506,11437,52,16,0,1
"67","Stu_3b78f74771f2a716ead67116f0c47272",0.2,0.283018867924528,0.0588235294117647,0.36,148,140,120,72,19,19,30,8,3564,4143,2447,6309,9,3,3,1
"68","Stu_3cf0015e21a21dabb53c1080cf14e5a7",0.8,0.966666666666667,0.112403100775194,0.5,55,60,71,43,0,0,1,0,2467,2535,3233,5743,0,0,1,0
"69","Stu_3d6cb7dfe38fbf85023ccc643ada8a37",0.0769230769230769,0.129310344827586,0.110294117647059,0.111111111111111,69,70,64,39,48,78,45,31,2356,37078,7047,5324,24,18,6,0
"70","Stu_3e5cef34f5ce3532385a74bd9b1d2b0f",0.235294117647059,0.535714285714286,0.13953488372093,0.263157894736842,63,48,46,28,11,6,6,3,2517,2251,2870,10759,9,2,2,0
"71","Stu_3ee88a2685b6d35ec2e4c2ae606be3b7",0.444444444444444,0.857142857142857,0.188679245283019,0.285714285714286,49,40,25,15,3,2,0,0,2350,1752,2369,7039,3,2,0,0
"72","Stu_3fc68a7334debc9f4568ab8faa8b8272",0.173913043478261,0.483870967741936,0.166666666666667,0.208333333333333,47,45,30,28,9,20,3,0,3220,2153,1804,10308,6,12,1,0
"73","Stu_4004e6faf0a7850d667241b341a66ea4",0.0930232558139535,0.120967741935484,0.118577075098814,0.170212765957447,88,44,59,32,65,62,60,31,4189,131337,180851,10763,28,5,5,1
"74","Stu_40f33ec889269dee7d64de27572caca3",0.4,0.789473684210526,0.12,0.454545454545455,57,58,58,47,2,4,2,0,2339,2291,8674,15853,1,4,1,0
"75","Stu_41865944486a89712aaf701994636881",0.108108108108108,0.123456790123457,0.15,0.153846153846154,51,43,48,28,26,69,82,36,2335,33703,5032,14425,12,13,8,0
"76","Stu_468304a5e611234fd501b01150c0e28b",0.153846153846154,0.315789473684211,0.144927536231884,0.214285714285714,69,57,38,13,10,19,32,4,2360,2153,1448,6676,4,9,8,1
"77","Stu_473a0a06cbf517889090d4960942fe2e",0.307692307692308,0.414285714285714,0.185897435897436,0.357142857142857,38,24,37,28,11,14,11,5,3149,2852,2134,7271,4,4,1,0
"78","Stu_4771d18d131733d18e0a5ccbb55fdaf3",0.666666666666667,0.903225806451613,0.131455399061033,0.333333333333333,56,54,47,28,1,0,0,2,1446,2115,1118,9402,1,0,0,1
"79","Stu_488ba2055e0170deaa114b920393bdad",0.266666666666667,0.37037037037037,0.144230769230769,0.266666666666667,69,46,45,18,17,17,12,5,1931,16202,8583,8260,6,2,3,0
"80","Stu_49b7f44516e349c65a2c958cd630bb70",0.111111111111111,0.326086956521739,0.105633802816901,0.195121951219512,101,49,70,34,27,18,15,2,1653,1851,5186,8297,22,7,3,0
"81","Stu_4a18f835d0d51fefe9d17889c725c3bf",0.266666666666667,0.46875,0.136986301369863,0.294117647058824,68,49,47,25,10,14,6,4,2502,11332,15487,26165,7,2,1,1
"82","Stu_4b66defa0ec037c2ddd793e2fb000a9a",0.266666666666667,0.430769230769231,0.129032258064516,0.3125,65,65,36,23,6,14,16,1,3258,2077,1566,16977,2,5,4,0
"83","Stu_4b9fddc6814dec1f65fd4a807d07f3d4",0.4,0.833333333333333,0.13953488372093,0.454545454545455,66,38,42,39,3,1,2,0,1866,1556,2142,10821,3,1,2,0
"84","Stu_4c475c6c0ce9adccdb9a377674497465",0.105263157894737,0.180722891566265,0.108303249097473,0.19047619047619,90,64,64,29,31,49,41,15,2206,1762,8579,14750,17,11,5,1
"85","Stu_4ca2668c44e0eec9323d47998b03f4e6",0.235294117647059,0.434782608695652,0.109489051094891,0.380952380952381,74,78,59,33,9,17,12,1,3080,2462,9141,17881,4,5,4,0
"86","Stu_4ca71596d5d479a3d0e37b0035a1751a",0.173913043478261,0.276190476190476,0.176829268292683,0.208333333333333,49,37,24,25,21,28,22,5,2041,1648,2390,6507,11,6,2,0
"87","Stu_4d2087b65580ec581f8bda496a11fbb4",0.0425531914893617,0.0639658848614073,0.0508474576271186,0.0961538461538461,202,139,117,102,149,144,106,40,3077,2469,2268,5462,66,17,6,1
"88","Stu_4d6801e0ce815644ba414e7b6cf3896d",0.0547945205479452,0.0769230769230769,0.0767263427109974,0.102564102564103,118,86,94,63,92,118,97,53,3144,2428,3639,7301,45,16,7,1
"89","Stu_4df804692d1d5bffd2c63ba00320c097",1,1,0.280373831775701,NA,24,24,14,15,0,0,0,0,1693,1768,2259,11029,0,0,0,0
"90","Stu_4e23446ef99f61ee24c1cee50b29f4f2",0.19047619047619,0.428571428571429,0.128755364806867,0.227272727272727,70,49,57,27,12,17,7,4,2541,5135,1841,14102,6,8,2,1
"91","Stu_4e59d260ff2fb74e3cce5e335abb3af3",0.210526315789474,0.365853658536585,0.121457489878542,0.285714285714286,79,42,66,30,11,17,18,6,2365,2331,1677,9617,8,4,3,0
"92","Stu_5068a353bd56fee29974de17bca6ce01",0.266666666666667,0.588235294117647,0.147783251231527,0.352941176470588,66,46,39,22,8,5,6,2,1614,8222,1125,4934,5,3,2,1
"93","Stu_514d884310a2b010d87de88633153f8f",0.444444444444444,0.652173913043478,0.149253731343284,0.375,68,52,39,12,8,7,1,0,2100,10622,28403,4061,3,2,0,0
"94","Stu_5331ab5b801b869a1a9dcb560812c22f",0.571428571428571,0.84375,0.156976744186047,0.428571428571429,51,45,27,22,0,3,2,0,2484,2160,1474,8765,0,3,0,0
"95","Stu_533ce1e7973750752733b575f05a9565",1,1,0.15625,NA,55,28,52,27,0,0,0,0,1536,17208,11001,11839,0,0,0,0
"96","Stu_538f412044fcf0017d0e2680305b58d9",0.571428571428571,0.833333333333333,0.0961538461538461,0.4,82,75,87,38,3,0,2,1,2177,1799,1396,22014,2,0,1,0
"97","Stu_54b0c10e7477a607ba0b98c48130c5d7",1,1,0.294117647058824,NA,16,19,15,10,0,0,0,0,1844,12206,4236,6562,0,0,0,0
"98","Stu_56abc4df5c479634d7a22e5e3a16864b",1,1,0.173410404624277,NA,65,25,34,19,0,0,0,0,1652,1523,1797,35576,0,0,0,0
"99","Stu_56b7d83bf66949aa058953e7b1ba4788",0.25,0.588235294117647,0.110294117647059,0.25,61,71,74,36,6,11,4,0,2341,5644,2972,13116,3,8,1,0
"100","Stu_576291d127ad2183b7fee97dbdd64a49",0.666666666666667,0.9375,0.238095238095238,0.333333333333333,31,28,21,16,0,2,0,0,1701,11320,3311,7414,0,2,0,0
"101","Stu_58730f6a71c21cd26834e0beb5b28190",0.0869565217391304,0.160427807486631,0.0970873786407767,0.156862745098039,97,71,62,49,27,58,50,22,3124,3060,3817,10884,14,19,6,3
"102","Stu_58a694454861f3d381a2c00d5fcf8dbb",0.8,0.833333333333333,0.111524163568773,0.5,81,52,66,40,0,3,3,0,2617,5129,8047,6361,0,1,0,0
"103","Stu_5948ec9e8a5c005506e31c84d6d8961b",0.0952380952380952,0.157068062827225,0.0759493670886076,0.166666666666667,116,85,99,65,39,52,52,18,2303,1956,2461,13021,18,12,8,0
"104","Stu_5be4a312952f0b877d3833a2475cad1d",0.0909090909090909,0.130434782608696,0.0815217391304348,0.183673469387755,79,77,107,75,38,49,74,39,3186,2758,2305,3856,19,9,12,0
"105","Stu_5be8df1273d24f2fe2734e3e02cb1841",0.142857142857143,0.24,0.157068062827225,0.21875,48,47,41,25,25,32,31,7,2274,31581,10444,11320,13,8,2,1
"106","Stu_5c8963bd0eb07464ae0bfd8e847f090c",0.307692307692308,0.526315789473684,0.125,0.4,54,65,53,38,8,8,8,3,1604,32546,18069,5661,4,2,3,0
"107","Stu_5d69f9755d7d2d7d1881d74421419348",0.121212121212121,0.198630136986301,0.128888888888889,0.189189189189189,51,44,55,46,50,28,21,18,2273,1805,1878,5869,22,4,2,1
"108","Stu_5db57d25b2f2dc108f34a0f9e2dbec59",0.666666666666667,0.882352941176471,0.202702702702703,0.5,32,28,33,25,4,0,0,0,1400,29090,14680,9170,2,0,0,0
"109","Stu_5e94e8e6ada5bd429d46d777d53759b0",0.0851063829787234,0.180722891566265,0.150753768844221,0.122448979591837,57,32,46,34,49,40,32,15,1924,10460,1715,10147,30,6,5,2
"110","Stu_6009635371a9134cac9a7d77853fdfab",0.285714285714286,0.476190476190476,0.294117647058824,0.333333333333333,22,22,18,10,15,11,4,3,1651,17207,17443,10548,6,2,0,2
"111","Stu_625f3c32e6770e5a4c4c251c078e3282",0.133333333333333,0.229007633587786,0.129310344827586,0.1875,79,55,43,25,36,39,20,6,2197,13854,5860,8699,19,6,1,0
"112","Stu_6445bc89cfa561e81f5a16177e1e7ddb",0.117647058823529,0.277777777777778,0.0738916256157636,0.210526315789474,112,117,101,46,25,26,22,5,2371,2414,1935,7564,14,10,4,2
"113","Stu_6466d8d84d88cebaa4e8b6cfb93599b3",0.444444444444444,0.612244897959184,0.10989010989011,0.375,84,56,67,36,10,8,1,0,1836,1787,2634,10850,3,2,0,0
"114","Stu_65285ebd57918d3f0bac72a212a3f23e",0.363636363636364,0.666666666666667,0.176470588235294,0.416666666666667,40,38,39,23,4,3,7,1,5082,61071,7719,11795,3,0,3,1
"115","Stu_65fc1f407ffc257e0be1f548e64faa74",0.571428571428571,0.714285714285714,0.103806228373702,0.4,71,81,59,48,4,7,1,0,2961,2729,2614,7365,3,0,0,0
"116","Stu_670f6963074fa943b5f50117c9c1dab8",0.181818181818182,0.306122448979592,0.164835164835165,0.25,54,49,25,24,24,22,20,2,2058,20707,15405,5170,12,3,3,0
"117","Stu_674d6e235d85444f74cacc9931b97bbd",1,0.9375,0.32258064516129,0.5,23,20,12,8,0,0,2,0,2378,10663,1705,9227,0,0,0,0
"118","Stu_676a4f12515d156b5b236d7e22c86b43",0.2,0.365853658536585,0.214285714285714,0.2,28,31,22,29,9,26,11,6,1558,33448,16136,3513,6,9,1,0
"119","Stu_67b0d1715e20120d2325188a693f5cfe",0.08,0.102739726027397,0.0575815738963532,0.189655172413793,139,135,146,71,74,90,54,44,3064,2959,2172,6158,28,9,6,3
"120","Stu_6859f840cf837742c8879c9ec8911ff4",0.8,0.967741935483871,0.333333333333333,0.5,19,14,17,10,1,0,0,0,1542,3006,5037,16757,1,0,0,0
"121","Stu_688127475328204a7a664517cbecc390",0.363636363636364,0.588235294117647,0.14018691588785,0.416666666666667,59,58,41,26,7,8,5,1,1395,13338,35534,15094,3,3,0,1
"122","Stu_6990bd426ea9e775aaac7cfadbf6f4f1",0.666666666666667,0.9375,0.236220472440945,0.5,44,25,18,10,1,1,0,0,1629,7008,2958,10594,1,1,0,0
"123","Stu_6a4db09cda9e6bea58866ddc295a6963",0.8,0.851851851851852,0.291139240506329,0.5,14,16,17,9,4,0,0,0,2143,1874,1837,5877,1,0,0,0
"124","Stu_6a7bc6e2d70ef9317ce3430488d9c0b7",0.210526315789474,0.428571428571429,0.129310344827586,0.238095238095238,44,49,62,47,16,14,7,3,2933,3178,2829,13891,8,5,2,0
"125","Stu_6d87225c1064a2f9e483667f4011d181",0.137931034482759,0.204081632653061,0.0767263427109974,0.264705882352941,118,123,84,36,24,36,31,26,2045,6746,8947,5462,10,8,7,0
"126","Stu_6d943bb7efcee3d96328d20078fbe57c",0.8,0.967741935483871,0.309278350515464,0.5,31,18,15,3,1,0,0,0,3944,15415,4083,9952,1,0,0,0
"127","Stu_6eae955c448499961e337d954b0abaa9",1,1,0.0920245398773006,NA,110,77,70,39,0,0,0,0,2056,1811,2585,9908,0,0,0,0
"128","Stu_72912f5cea797e765ac757b485d4171c",0.0740740740740741,0.118110236220472,0.0707547169811321,0.11864406779661,112,109,102,71,62,74,59,29,2192,2445,2020,8499,30,14,4,2
"129","Stu_73baa4732ae2626380a1bea00684c700",0.114285714285714,0.275229357798165,0.103448275862069,0.205128205128205,87,68,72,33,19,34,15,11,2297,25805,27903,11507,13,11,4,3
"130","Stu_73dbf2534db4750360be3997d153ad21",0.117647058823529,0.181818181818182,0.0840336134453781,0.230769230769231,106,94,74,53,26,48,45,16,2974,2229,3974,10171,14,11,5,0
"131","Stu_75776417f1526cfb557185486867f2ea",0.0714285714285714,0.0955414012738853,0.0573613766730402,0.145161290322581,176,130,116,71,65,102,92,25,3412,2326,2718,9435,32,17,1,2
"132","Stu_75df9ed6a7fa909c354170d84c8e2a77",0.8,0.967741935483871,0.315789473684211,0.5,24,16,11,14,1,0,0,0,1452,34062,19636,2785,1,0,0,0
"133","Stu_75f479118f41c6a32f11c667e71dde42",0.571428571428571,0.714285714285714,0.0923076923076923,0.4,77,82,77,59,4,3,2,3,2984,2749,1902,11483,2,0,1,0
"134","Stu_767cd32286057446091878c4e6a3a840",0.666666666666667,0.882352941176471,0.0906344410876133,0.5,100,88,72,41,2,0,2,0,1627,21719,4947,12751,1,0,1,0
"135","Stu_768aeb481d43af8b886e4b3c2df317bf",0.0888888888888889,0.144230769230769,0.106007067137809,0.18,91,67,61,34,46,67,53,12,2725,2542,3289,5199,22,13,6,0
"136","Stu_76f77857356aa3dd4c2f6437d079a0bf",0.571428571428571,0.857142857142857,0.27027027027027,0.4,28,23,22,8,4,1,0,0,2740,2493,1639,14345,3,0,0,0
"137","Stu_77737d76e06843da0a694a186bfa06e4",0.571428571428571,0.857142857142857,0.138248847926267,0.4,49,44,46,48,2,0,2,1,4471,4256,17035,4259,2,0,1,0
"138","Stu_789a5467da3db17f0265ec1ed630e190",0.105263157894737,0.197368421052632,0.0867052023121387,0.170731707317073,114,76,78,48,25,55,31,11,3231,2809,2225,14153,12,17,3,2
"139","Stu_79f992f66a8803ba4a9d32f8b613a10f",0.4,0.833333333333333,0.108303249097473,0.4,74,60,72,41,3,1,0,2,1882,10421,8303,10690,3,1,0,2
"140","Stu_7b3f7d6a49cd9990ffe58d4bf4a3f898",0.666666666666667,0.935483870967742,0.0917721518987342,0.5,92,86,71,38,0,0,2,0,2454,4225,3519,10845,0,0,2,0
"141","Stu_7c305c0273cb53c65cf42bcc0bee06a6",0.2,0.365853658536585,0.167597765363128,0.272727272727273,52,40,34,23,13,19,12,8,2213,1856,1707,10739,8,5,2,1
"142","Stu_7d1578f235968d6be18ac11a10ddf74b",0.571428571428571,0.705882352941176,0.138728323699422,0.4,40,28,48,33,3,0,3,4,2255,24835,6907,4051,1,0,2,0
"143","Stu_7dfea40156ac4fc5ea332d1f78681998",0.222222222222222,0.476190476190476,0.204081632653061,0.176470588235294,39,36,25,17,17,9,6,1,1631,4321,7197,10910,8,4,2,0
"144","Stu_7e607f4af9a981c63dd0f2b5c76c21a6",0.571428571428571,0.743589743589744,0.149484536082474,0.5,60,39,40,26,4,5,1,0,2997,2621,2311,13155,3,0,0,0
"145","Stu_7f664d7098880853042adbab429ddd8c",0.105263157894737,0.193548387096774,0.121951219512195,0.170731707317073,90,60,38,28,28,53,37,7,2446,1813,1574,9453,14,17,3,0
"146","Stu_80ff1b554e6d05295cb00d69fbfd3fd0",0.5,0.731707317073171,0.0618556701030928,0.428571428571429,120,131,147,57,8,2,1,0,1932,1736,2020,9433,4,0,0,0
"147","Stu_81c07ceb2faf57e7176e7ea6671a30bc",0.666666666666667,0.652173913043478,0.138888888888889,0.5,56,42,58,30,4,3,8,1,1687,27246,13780,8274,2,0,0,0
"148","Stu_823362fb368a75d6052f295d46d39b0d",0.5,0.833333333333333,0.0374531835205993,0.5,260,245,186,80,1,2,2,1,3343,5724,1971,8780,1,2,0,1
"149","Stu_835cee4f5667c92324f17141f7e26c88",1,1,0.162162162162162,NA,49,48,39,19,0,0,0,0,1696,10692,6557,10986,0,0,0,0
"150","Stu_847b8b6fc192d9e3fe980ae1947b407d",0.8,0.9375,0.102389078498294,0.5,69,83,70,41,0,0,2,0,2822,2072,4004,5913,0,0,1,0
"151","Stu_84994d354a010153db418cacc5b143b7",0.266666666666667,0.410958904109589,0.138888888888889,0.315789473684211,57,54,47,28,10,15,14,4,1817,11271,4978,13317,5,5,1,0
"152","Stu_8511d3f496e105e7c4eab288f2e927bb",0.571428571428571,0.69047619047619,0.263636363636364,0.4,19,18,24,20,7,3,3,0,1077,23929,8156,5307,2,1,0,0
"153","Stu_86441f5569420b118f29b35db58b1302",0.444444444444444,0.769230769230769,0.122950819672131,0.444444444444444,59,52,73,30,0,2,6,1,2375,2604,3065,13503,0,2,3,0
"154","Stu_86ebdf1974ae76360ae3ced3094fafaa",0.114285714285714,0.179640718562874,0.0854700854700855,0.27906976744186,104,83,80,54,47,40,39,11,4219,16399,13537,7830,20,7,3,1
"155","Stu_875d3347100e81b293e8ece803c78abf",0.133333333333333,0.238095238095238,0.0852272727272727,0.243243243243243,112,90,73,47,20,40,28,8,2064,4284,7360,16048,11,9,5,1
"156","Stu_88612c80976ad46841fe37b844933cfe",0.129032258064516,0.254237288135593,0.0996677740863787,0.27027027027027,97,80,55,39,28,33,26,1,2032,8377,2340,6326,15,11,1,0
"157","Stu_88a25f27d9c0b3a8eca25554becadf55",0.444444444444444,0.714285714285714,0.1875,0.375,40,37,33,20,2,7,1,2,2153,2050,3014,12408,2,2,1,0
"158","Stu_88da27fcbc6dfd9c427f610eeba4e766",0.266666666666667,0.535714285714286,0.280373831775701,0.3125,20,28,16,13,6,14,5,1,4085,52387,6287,10150,5,4,1,1
"159","Stu_88e4d78e867369d9af354a376d33a30a",0.266666666666667,0.46875,0.143540669856459,0.294117647058824,54,59,42,24,6,11,14,3,2125,15176,12409,30949,5,4,2,0
"160","Stu_8aae219d81719734ac10384bce85db87",0.142857142857143,0.173410404624277,0.0887573964497041,0.228571428571429,95,81,84,48,33,42,50,18,2995,2189,4566,6631,14,6,4,0
"161","Stu_8b2935ad16f580601b3d64f2a281810b",0.0533333333333333,0.0497512437810945,0.058252427184466,0.109756097560976,189,111,100,85,206,205,140,22,2609,2444,1858,3795,65,5,1,0
"162","Stu_8b91cc6b2831691ff5244218b778e964",0.2,0.574468085106383,0.243243243243243,0.2,25,18,24,17,7,6,5,2,2034,38933,1924,21248,7,4,4,1
"163","Stu_8becc7995ad43a7a8f3379ac21130fba",0.142857142857143,0.254237288135593,0.0530973451327434,0.305555555555556,177,159,125,74,14,31,25,18,2670,2579,2794,7918,5,9,5,5
"164","Stu_8d839ea9267fd7f0b1d3d7a1649c67c8",0.2,0.461538461538461,0.135746606334842,0.272727272727273,53,56,58,24,3,14,12,6,1883,4611,1351,12793,1,10,3,2
"165","Stu_8ebcacdced16cc8e3010875bc3514449",0.5,0.833333333333333,0.143540669856459,0.333333333333333,53,54,48,24,1,4,1,0,2546,5863,5478,14930,1,3,0,0
"166","Stu_8ec0f8248f09202fd48bbdf90f4089a7",0.4,0.588235294117647,0.196078431372549,0.4,45,38,25,15,8,3,5,5,2298,7476,1823,15677,3,1,2,0
"167","Stu_905588d3337fafd3862665cc62d79279",0.235294117647059,0.5,0.142857142857143,0.35,64,37,49,30,10,11,6,3,1660,41163,34738,8033,5,5,2,1
"168","Stu_90eaec73df0d512684fe630051a04724",0.25,0.545454545454545,0.130434782608696,0.277777777777778,53,63,61,23,6,2,3,14,3084,2708,1869,14760,4,1,1,6
"169","Stu_92b36f79b144ba71687ca0a6718f47f5",0.307692307692308,0.714285714285714,0.215827338129496,0.357142857142857,28,27,37,17,6,4,2,0,1782,62800,9484,5896,6,3,0,0
"170","Stu_935d63d16c48ae91df2ae44bd4fb047b",0.307692307692308,0.461538461538461,0.175438596491228,0.333333333333333,51,28,40,22,7,18,7,3,1994,1584,1386,8646,4,3,2,0
"171","Stu_942611a771fa730ed39c1590633eaaf5",0.2,0.27027027027027,0.245901639344262,0.227272727272727,39,23,18,12,40,25,15,1,1584,46670,28198,7198,11,4,1,0
"172","Stu_95040519c8fc72caeca0315f3c2f0c15",0.0909090909090909,0.182926829268293,0.0496688741721854,0.226415094339623,209,167,123,75,16,49,51,18,3271,2315,1887,9684,11,15,13,1
"173","Stu_95c42d237b27a1d85b7664bc8e4d5f87",0.666666666666667,0.714285714285714,0.234375,0.5,32,29,22,15,9,3,0,0,1649,36330,11584,15466,2,0,0,0
"174","Stu_96b7065415bbcc6cede33fe4e5e88f13",0.235294117647059,0.37037037037037,0.107913669064748,0.285714285714286,72,73,63,40,17,21,9,4,2319,8110,5175,13929,5,7,1,0
"175","Stu_9720ccd051a0af4c2acc5740b68c4f49",0.129032258064516,0.215827338129496,0.113636363636364,0.151515151515152,64,69,54,47,35,44,23,7,3557,3879,4020,6429,13,11,2,1
"176","Stu_9889909d270129ea3f3b90afb21ea7aa",0.2,0.32967032967033,0.12987012987013,0.272727272727273,73,51,49,28,22,22,13,4,2547,5200,4809,7246,11,3,1,1
"177","Stu_991dbe0876d891ec67402c5bb7f2e9c1",0.0784313725490196,0.11070110701107,0.0707547169811321,0.145454545454545,138,92,106,58,72,91,53,25,3468,3153,2975,8924,32,10,5,0
"178","Stu_9969ad927bc300735c110f7824a3f7e2",0.333333333333333,0.652173913043478,0.0817438692098093,0.466666666666667,106,103,82,46,2,3,6,5,2383,18372,4666,17086,1,2,2,3
"179","Stu_998574997528a37e62b2fcecc68cdec1",0.363636363636364,0.774193548387097,0.184615384615385,0.363636363636364,31,22,36,17,3,2,2,0,1969,22222,1585,5296,3,2,2,0
"180","Stu_99deca0276ae3b1b1575f8abbb162ac0",0.0930232558139535,0.109489051094891,0.126582278481013,0.113636363636364,60,45,58,44,83,86,60,15,3235,2920,3139,6522,30,7,2,0
"181","Stu_9a305d781610872e75a1d10d90ea34b3",0.363636363636364,0.447761194029851,0.0558659217877095,0.461538461538461,144,143,141,79,6,11,10,10,2658,2831,3400,12240,3,3,1,0
"182","Stu_9ceb9f6037d633a8a84e40ab105822a7",0.19047619047619,0.375,0.198675496688742,0.227272727272727,34,31,32,24,8,19,16,7,1862,12101,3150,14829,6,5,6,0
"183","Stu_9d72f1246636f759829b1655cfb287af",0.333333333333333,0.75,0.125523012552301,0.4,69,49,56,35,3,3,3,1,2923,3089,2061,5490,3,2,3,0
"184","Stu_9f440b0bb661567766c0d9aee899e38c",0.571428571428571,0.810810810810811,0.165745856353591,0.4,45,43,40,23,2,1,4,0,4126,32108,9801,7592,1,0,2,0
"185","Stu_9f50555c720f8c0cc3b84f0ff9c468e0",0.8,0.9375,0.230769230769231,0.5,27,28,28,17,0,0,2,0,1951,26976,15349,8778,0,0,1,0
"186","Stu_a0787910cff6831f95b824b99d0979e3",0.266666666666667,0.416666666666667,0.0977198697068404,0.388888888888889,82,83,75,37,10,9,18,5,2503,2045,1806,10993,4,3,4,0
"187","Stu_a0d88b9ffc717c163b5e2331a8dc2beb",0.571428571428571,0.857142857142857,0.229007633587786,0.5,38,26,22,15,2,3,0,0,1649,4822,2574,16507,2,1,0,0
"188","Stu_a13b233968b062fe118a345790eb2348",0.444444444444444,0.545454545454545,0.160427807486631,0.375,60,41,35,21,3,17,5,0,1793,13213,9380,10330,3,2,0,0
"189","Stu_a5ea7ae2d49e9b048e72e76c3912ab24",0.114285714285714,0.36144578313253,0.0874635568513119,0.205128205128205,122,73,73,45,13,22,16,2,3917,2585,2068,7562,13,10,7,1
"190","Stu_a7677f3a7978d2ea5bcb12eb9c738035",0.444444444444444,0.697674418604651,0.192307692307692,0.444444444444444,34,38,38,16,2,3,8,0,1520,18811,7710,9254,1,2,2,0
"191","Stu_a7e5c104fb3ebf73c9a08712824c493a",0.19047619047619,0.4,0.134529147982063,0.227272727272727,59,50,52,32,18,18,8,1,2175,25884,7358,9085,10,4,2,1
"192","Stu_a8af55f5fd81a0fa2c2df5968f32c763",0.0975609756097561,0.101694915254237,0.0636942675159236,0.25,147,128,118,48,56,84,77,48,2876,2495,3919,9060,21,12,1,3
"193","Stu_ab55a3e9e2dab7ba4110355f1581ef15",0.19047619047619,0.340909090909091,0.288461538461538,0.217391304347826,22,19,21,12,15,24,15,4,2096,22132,20542,9650,7,9,1,0
"194","Stu_abd1601b861dc3a7ff159d59a3c917d2",0.153846153846154,0.352941176470588,0.12396694214876,0.241379310344828,80,47,50,35,9,22,16,8,2408,2059,1709,10536,5,9,5,3
"195","Stu_ac749852a385e79f4cfaf212d53be8b5",0.125,0.175438596491228,0.0663716814159292,0.243243243243243,115,108,122,77,63,50,19,9,2837,21200,29732,9062,22,4,1,1
"196","Stu_ad8fc82fe3ae4aa714bbba659692e9be",0.125,0.184049079754601,0.115830115830116,0.194444444444444,65,69,52,43,36,44,38,15,2468,18413,15227,3895,15,10,3,0
"197","Stu_adb6ff10f45b1ef537588cf6e2492865",0.571428571428571,0.833333333333333,0.4,0.4,13,17,7,8,2,4,0,0,1629,28183,14889,10840,2,1,0,0
"198","Stu_af3b6d148e2adc6b05a87132b862e155",0.4,0.789473684210526,0.123456790123457,0.454545454545455,69,64,53,27,1,4,3,0,2719,2797,2680,5858,1,3,2,0
"199","Stu_af7e777de098cb586361e680126ba553",0.0784313725490196,0.109489051094891,0.0712589073634204,0.157894736842105,123,95,115,58,45,93,71,35,2950,2695,2603,11278,21,19,6,1
"200","Stu_afede044915bef989f7b21aa0e07624e",0.8,0.909090909090909,0.297029702970297,0.5,29,20,15,7,3,0,0,0,1495,11722,18231,15710,1,0,0,0
"201","Stu_b013f92fa81a8ac5aef78bde4e887573",0.137931034482759,0.275229357798165,0.111524163568773,0.21875,68,62,64,45,19,28,30,2,2793,2297,3565,5495,10,8,6,1
"202","Stu_b16b9a1d043e26019df6f9359dd2d919",0.266666666666667,0.491803278688525,0.173410404624277,0.3125,52,31,34,26,9,9,12,1,1623,9579,7244,14347,5,4,2,0
"203","Stu_b1d059b0e06dcac81165f0ad6c2da8dd",0.16,0.297029702970297,0.116279069767442,0.222222222222222,66,53,60,49,20,19,25,7,2078,1736,1536,5695,12,6,3,0
"204","Stu_b29a36cbc10ef103cea964ce8a0b3581",0.235294117647059,0.652173913043478,0.217391304347826,0.1875,42,29,20,17,5,8,3,0,1920,37171,3855,10997,4,7,2,0
"205","Stu_b447040e0d138acc66334a3c956a7135",0.133333333333333,0.241935483870968,0.0606060606060606,0.27027027027027,155,122,112,76,24,32,31,7,3708,3836,2527,10239,9,13,4,0
"206","Stu_b48b4a695730c69cf82a2051e588743c",0.285714285714286,0.454545454545455,0.129310344827586,0.333333333333333,56,63,47,36,10,15,10,1,2176,28456,6246,13901,3,5,2,0
"207","Stu_b6c809c630ab17125c992870cdba28e8",0.0689655172413793,0.122448979591837,0.0961538461538461,0.111111111111111,107,66,56,53,72,79,49,15,2298,1956,2042,14973,37,15,1,1
"208","Stu_b990fca98e056c95e75f509625b588a1",0.571428571428571,0.810810810810811,0.218978102189781,0.25,37,26,31,13,1,5,1,0,1467,15950,14427,9494,1,2,0,0
"209","Stu_babe5be7cf31b15d96831cc8c9bd7626",0.0930232558139535,0.188679245283019,0.133333333333333,0.108695652173913,72,59,42,22,40,45,36,8,2727,8123,10270,12024,25,11,2,1
"210","Stu_bac81553d8261810c4c18a6e07dd0c07",0.666666666666667,0.810810810810811,0.217391304347826,0.5,42,28,31,7,0,2,3,2,3326,2729,3034,18058,0,2,0,0
"211","Stu_bb31f0449457cb7b93d7108af032791f",0.444444444444444,0.769230769230769,0.155440414507772,0.375,45,47,37,34,1,2,5,1,3089,2372,2395,5714,1,1,2,1
"212","Stu_be1bd303f56094e88a2cb4d1d5ede4c2",0.181818181818182,0.345238095238095,0.182389937106918,0.181818181818182,28,25,46,31,24,15,12,4,1534,15636,7135,4314,11,5,2,0
"213","Stu_bea5309af15862599af00616081be3e5",0.25,0.434782608695652,0.0986842105263158,0.4,69,76,78,51,7,14,12,6,3932,17698,19318,9144,3,4,4,1
"214","Stu_becd00fb667e7fa692069afc423e7ca7",0.363636363636364,0.625,0.0545454545454545,0.461538461538461,173,143,159,45,3,4,8,3,2333,13719,7798,8922,2,2,3,0
"215","Stu_bf7968cb36ebefbc4a9bbd20fb8234fe",0.307692307692308,0.375,0.104166666666667,0.357142857142857,84,65,69,40,9,18,16,7,3940,3213,1985,7826,3,4,2,0
"216","Stu_bfbdb7cd9399f26c99832b503745cc7c",0.1,0.150753768844221,0.11070110701107,0.13953488372093,72,57,63,49,43,66,43,17,4110,3304,3164,6843,21,10,4,1
"217","Stu_c2f9e895c596a2b8813adc3489fc5cba",0.333333333333333,0.75,0.117647058823529,0.384615384615385,64,56,75,30,2,4,4,0,2307,2236,2177,23057,2,3,3,0
"218","Stu_c52fa0bf1ccdc2369b19c2bcb2e3ca89",0.5,0.731707317073171,0.179640718562874,0.428571428571429,52,35,29,21,5,0,2,4,1678,47618,19242,10021,2,0,1,1
"219","Stu_c7172525f837773c77976438a901b17f",0.142857142857143,0.191082802547771,0.091743119266055,0.242424242424242,81,59,93,64,31,48,34,14,5356,3974,3475,7945,11,10,1,2
"220","Stu_c7cf07c89ea48f4069f3e0733f81dcf2",0.307692307692308,0.545454545454545,0.167597765363128,0.4,50,43,34,22,1,12,12,0,1808,1721,8898,10402,1,7,1,0
"221","Stu_c8b9cddcb61c0cfb096ef6a8b99a48ee",0.5,0.810810810810811,0.169491525423729,0.428571428571429,51,37,36,23,1,3,3,0,1673,7611,5096,10050,1,2,1,0
"222","Stu_ca2e8b419e37b37a8ddce91700818441",0.333333333333333,0.731707317073171,0.230769230769231,0.384615384615385,32,23,30,15,6,4,1,0,2019,1760,3136,32414,4,4,0,0
"223","Stu_cadf37150207036570ea02e92ea8a6dd",1,1,0.267857142857143,NA,24,21,24,13,0,0,0,0,1867,4357,7219,5489,0,0,0,0
"224","Stu_cd10963dae46855a63c997c958707f18",0.666666666666667,0.857142857142857,0.0460829493087558,0.5,195,176,156,94,1,0,4,0,3066,2417,2971,8043,1,0,1,0
"225","Stu_cdcef7728aa1149fa68cda06678c4522",0.5,0.763157894736842,0.156756756756757,0.444444444444444,39,41,46,30,1,3,4,1,1900,1636,2039,7435,1,2,1,0
"226","Stu_ce9e7a1c87e1f11305b86affbbc84bdd",0.173913043478261,0.373333333333333,0.23728813559322,0.2,39,22,17,12,15,20,8,4,4749,3402,2365,14587,8,6,3,2
"227","Stu_cf299657421a46bf8d0c5d34b142baee",0.148148148148148,0.20979020979021,0.217391304347826,0.148148148148148,50,23,21,14,46,33,21,13,2616,2343,2701,6206,17,4,2,0
"228","Stu_cfc0c295bc9d1e099738b3d7a4a320ca",0.363636363636364,0.756756756756757,0.131455399061033,0.461538461538461,50,47,61,27,1,3,4,1,2217,1710,1583,7028,1,3,2,1
"229","Stu_cfccdc29e8fe68aa10553e0c6ec216ea",0.166666666666667,0.28,0.144329896907216,0.222222222222222,45,42,47,32,17,23,24,8,2144,2183,1586,7448,8,8,3,1
"230","Stu_cff24feeb056a12b115ee8c7f02768a0",0.571428571428571,0.731707317073171,0.0683371298405467,0.5,136,132,102,39,4,4,3,0,2361,1811,1857,10371,1,2,0,0
"231","Stu_d00aa72e22ab77185f6fed013e193a97",0.0851063829787234,0.141509433962264,0.128755364806867,0.122448979591837,66,46,60,31,62,59,45,16,2560,1929,5211,5617,30,8,5,0
"232","Stu_d01d9b34130a516e9498003f7babe8d9",0.666666666666667,0.909090909090909,0.357142857142857,0.5,19,15,11,9,1,2,0,0,1120,39612,5319,5796,1,1,0,0
"233","Stu_d10848b0b7b28d08e713bfef224d5db0",0.166666666666667,0.352941176470588,0.204081632653061,0.166666666666667,44,19,30,24,22,21,8,4,2871,2335,2032,10241,15,5,0,0
"234","Stu_d282bbbb232525570b1f511065832a7d",0.4,0.731707317073171,0.136363636363636,0.333333333333333,65,45,37,43,6,3,1,1,2051,10150,7581,12253,3,2,1,0
"235","Stu_d2bec0c9ceced9e987cc57b869eb6d57",0.571428571428571,0.882352941176471,0.288461538461538,0.4,23,20,19,12,2,0,1,1,1946,27752,11156,10722,2,0,0,1
"236","Stu_d41faea062f25e0426c6914e1e475d1f",0.0888888888888889,0.192307692307692,0.171428571428571,0.106382978723404,48,37,40,20,43,35,30,18,2387,1883,2427,7729,23,8,6,4
"237","Stu_d4eb24cc204f880e96d7bf15cad03e5a",0.5,0.697674418604651,0.122950819672131,0.5,59,54,58,43,1,4,6,2,3024,5036,14568,4021,1,2,1,0
"238","Stu_d5d61425646ed1d895555b8a5a9d0043",0.307692307692308,0.483870967741936,0.234375,0.357142857142857,32,32,20,14,9,8,13,2,2243,9122,17380,8258,3,4,2,0
"239","Stu_d6f8f3c314240b1273bab7974507b296",0.181818181818182,0.38961038961039,0.0879765395894428,0.25,89,85,80,57,8,17,19,3,3242,3084,2144,9670,5,8,5,0
"240","Stu_d7384a6b624450317d7e8b0f48c9c108",0.19047619047619,0.426229508196721,0.174496644295302,0.19047619047619,31,31,34,27,5,13,13,4,2271,13126,1981,7060,5,11,1,0
"241","Stu_d752ee03401cd95ef4a773e232209d0c",0.222222222222222,0.351351351351351,0.122065727699531,0.333333333333333,60,44,46,37,14,21,8,5,2729,4068,2244,9931,6,6,2,0
"242","Stu_d757221580aa35e364fc6c637f24f75f",0.117647058823529,0.263157894736842,0.168539325842697,0.0857142857142857,32,37,41,38,28,26,20,10,2294,2160,1787,7603,14,8,7,1
"243","Stu_d782ce7bd3f10bf7fde3c70fbd1fd9c1",0.111111111111111,0.236220472440945,0.108303249097473,0.135135135135135,79,57,65,46,26,48,21,2,2550,1796,1737,10608,16,13,3,0
"244","Stu_d7d4ee9b982f61677b2679c563c3fa0c",0.210526315789474,0.37037037037037,0.150753768844221,0.285714285714286,68,37,42,22,12,20,12,7,1961,1595,2571,8025,7,5,2,1
"245","Stu_d84a34c5d03a6cd1eddb7997b071f37b",0.142857142857143,0.201342281879195,0.111524163568773,0.225806451612903,79,50,73,37,29,52,25,13,2985,2947,2737,11251,15,7,1,1
"246","Stu_db36eeabd049238ff67f1cd36f596737",1,1,0.0974025974025974,NA,80,73,80,45,0,0,0,0,2049,4219,4009,11975,0,0,0,0
"247","Stu_db3ccd574268f6db0142eaaca45319a8",0.121212121212121,0.258620689655172,0.144927536231884,0.194444444444444,70,49,33,25,23,43,18,2,2107,1669,1645,10743,14,12,2,1
"248","Stu_dc2ac21fba220916a255dcc78c0e0a7c",0.125,0.263157894736842,0.168539325842697,0.194444444444444,62,33,35,18,21,29,26,8,1989,10930,6285,4256,13,10,5,0
"249","Stu_dcea6e0e2a4e84872b47d6eb2ae8a9ac",0.148148148148148,0.220588235294118,0.146341463414634,0.233333333333333,56,59,45,15,35,35,34,2,2073,9865,6697,13156,15,7,1,0
"250","Stu_de050d27bc75537e6742b1be1186a330",0.235294117647059,0.384615384615385,0.258620689655172,0.222222222222222,34,19,17,16,10,19,12,7,1796,28664,7766,4707,6,5,1,1
"251","Stu_de32c2cc574a118ab9efc8b58e2622bc",0.4,0.638297872340426,0.211267605633803,0.454545454545455,40,28,31,13,2,11,4,0,1749,25859,9244,11600,2,2,2,0
"252","Stu_df0b806721c260c52e68e4ee8049bbac",0.142857142857143,0.3,0.208333333333333,0.15625,37,28,35,14,34,20,14,2,2430,272945,102170,12424,15,6,3,0
"253","Stu_e118be814926eb017405e18c2ed43819",0.173913043478261,0.315789473684211,0.260869565217391,0.230769230769231,28,23,23,11,22,28,8,7,1881,4464,4387,5292,12,6,1,0
"254","Stu_e3f4411f6fcbaf51ccf5e702951eb310",0.333333333333333,0.588235294117647,0.0608519269776876,0.384615384615385,131,124,143,65,12,2,6,1,4569,4161,5866,6457,5,1,1,1
"255","Stu_e52410bf10079a7f71efadf684037aa0",0.8,0.848484848484849,0.466666666666667,0.5,9,7,6,10,5,0,0,0,1484,23197,14281,3319,1,0,0,0
"256","Stu_e63681696c6716569543dbd5069daa2e",0.307692307692308,0.604166666666667,0.169590643274854,0.25,44,42,37,19,6,6,6,1,2256,1881,1854,6899,5,3,1,0
"257","Stu_e805902104a16be0f94b05a563dd28e1",1,1,0.0636942675159236,NA,144,120,123,54,0,0,0,0,2187,1820,1605,8258,0,0,0,0
"258","Stu_e96bcec468fa5f96af04592eab19a44a",1,1,0.32258064516129,NA,20,25,11,7,0,0,0,0,1264,28088,10909,4710,0,0,0,0
"259","Stu_ebd9395cd25aae72d5233ef7d0b38497",0.444444444444444,0.833333333333333,0.115384615384615,0.454545454545455,62,62,66,40,1,2,2,1,2846,2669,2427,8389,1,2,1,1
"260","Stu_ec9412a61f4ea3979f52c435e35012e8",0.137931034482759,0.185185185185185,0.0647948164146868,0.27027027027027,145,114,110,64,28,62,33,9,3225,2363,2266,12122,13,11,1,0
"261","Stu_ecfcb02b77f13b9bde2a009d0e85e627",0.5,0.810810810810811,0.230769230769231,0.5,34,29,24,13,2,5,0,0,2156,20671,1535,7229,2,2,0,0
"262","Stu_ed973db3d2214b06baa3b55fa35e083a",0.19047619047619,0.263157894736842,0.0869565217391304,0.260869565217391,87,75,94,59,28,34,16,6,2501,2782,3109,8473,10,7,0,0
"263","Stu_eebf47b9b3274301ca2b65eba029316a",0.142857142857143,0.272727272727273,0.122448979591837,0.225806451612903,75,51,56,33,13,35,26,6,2848,2547,2266,19184,7,15,2,0
"264","Stu_ef2f765890131f81827620e232b80476",0.19047619047619,0.535714285714286,0.114942528735632,0.291666666666667,69,60,65,37,7,7,9,3,2341,1998,2051,5666,3,5,7,2
"265","Stu_f042abe800ae35b3253132a2851314a5",0.137931034482759,0.303030303030303,0.0831024930747922,0.277777777777778,126,75,88,42,23,35,11,0,16346,107951,37544,13262,12,11,2,0
"266","Stu_f0dd8724481a628f33c9736fb48392a9",0.137931034482759,0.181818181818182,0.111524163568773,0.1875,90,51,62,36,32,32,57,14,16437,173801,106853,11901,14,3,8,0
"267","Stu_f20aa074cd578f5664790b7bb5d27901",0.235294117647059,0.625,0.101694915254237,0.35,79,78,67,41,3,11,4,0,2277,2188,2360,8388,3,8,2,0
"268","Stu_f2508b8823fae6b1f924d45cc0673887",0.117647058823529,0.191082802547771,0.0700934579439252,0.268292682926829,141,103,104,50,22,54,32,19,4702,58801,23071,15026,11,12,5,2
"269","Stu_f2e4e27e379ea8b3294cb84f0b556d39",0.571428571428571,0.535714285714286,0.120967741935484,0.5,81,57,44,36,16,7,2,1,1493,21323,4943,11844,2,1,0,0
"270","Stu_f2eb0ef523c64ab61738d1a866a281d2",0.266666666666667,0.482758620689655,0.184210526315789,0.352941176470588,46,37,27,14,9,11,9,1,2379,3228,1867,12186,6,4,1,0
"271","Stu_f31040d9446f296e233b468702399173",0.4,0.833333333333333,0.058027079303675,0.454545454545455,150,142,136,59,4,0,2,0,2284,1966,1546,11030,4,0,2,0
"272","Stu_f3459d748a31a56608f253c57d235e13",1,1,0.0946372239747634,NA,108,84,60,35,0,0,0,0,2287,1726,2334,14883,0,0,0,0
"273","Stu_f37442127fa7fd2ea48cb8689ee592e6",0.153846153846154,0.272727272727273,0.194805194805195,0.214285714285714,44,40,20,20,17,34,25,4,2128,13055,7962,13461,9,11,2,0
"274","Stu_f3bd3a1147c0c8f159840c4c2bed0288",0.8,0.967741935483871,0.125,0.5,53,70,53,34,0,1,0,0,2344,10419,10062,6016,0,1,0,0
"275","Stu_f4844c738cab499c40a07be5b4c4972e",0.266666666666667,0.405405405405405,0.131578947368421,0.333333333333333,48,52,57,41,14,14,15,1,7238,17689,6573,7830,6,3,2,0
"276","Stu_f597e993daf7f45a6e280bf225f12ec4",0.266666666666667,0.535714285714286,0.138248847926267,0.3125,69,55,32,31,4,8,13,1,1525,18846,6611,6978,3,4,4,0
"277","Stu_f6ca9d54f6db7a3a64faa0f08edddabd",0.8,0.967741935483871,0.3125,0.5,22,18,16,10,1,0,0,0,1940,37495,9616,3937,1,0,0,0
"278","Stu_f8d2b7153b03da6c3982a2a1ea7f678a",1,1,0.119047619047619,NA,73,45,68,36,0,0,0,0,2656,2314,2014,9561,0,0,0,0
"279","Stu_f97e6abbec9d302b11ae941aa6cc951e",1,1,0.132743362831858,NA,44,51,67,34,0,0,0,0,1524,29062,16623,4017,0,0,0,0
"280","Stu_f9af6c738084824de9b7e789bc9ced81",0.148148148148148,0.185185185185185,0.0707547169811321,0.277777777777778,146,131,67,50,38,42,39,13,2835,2234,3610,11528,13,8,1,1
"281","Stu_f9d5192e1b0fda315130aa7e9264255b",0.166666666666667,0.220588235294118,0.0892857142857143,0.230769230769231,104,82,80,40,23,36,36,11,3061,2591,2367,16591,10,8,2,0
"282","Stu_f9e4e31bde5d45bed6698b53f483af2c",0.4,0.714285714285714,0.24390243902439,0.4,32,23,24,14,5,2,4,1,2271,17802,8473,10951,3,0,3,0
"283","Stu_fa111119a7cf248581059485691c823c",0.8,0.962962962962963,0.143646408839779,0.5,42,34,47,32,0,0,1,0,2396,20632,20845,4748,0,0,1,0
"284","Stu_fa84e85213b7569c7107fdb4be8fafbb",0.666666666666667,0.882352941176471,0.0835654596100279,0.5,102,106,74,47,3,0,1,0,2005,25877,8640,10334,1,0,1,0
"285","Stu_fada75c6a5ec8da9b4679b1c055e2e5f",0.5,0.789473684210526,0.333333333333333,0.428571428571429,16,22,14,8,5,3,0,0,1260,26499,43834,7384,2,2,0,0
"286","Stu_fb73356c923072b0b3a3bae4d71a327a",0.0909090909090909,0.171428571428571,0.194805194805195,0.0909090909090909,39,31,31,23,35,63,33,14,1818,20707,25491,3996,21,15,4,0
"287","Stu_fd25528f3428e5217cd925e1ef4b2996",0.2,0.517241379310345,0.135135135135135,0.238095238095238,46,53,65,28,3,11,12,2,2286,2361,2009,12681,3,6,6,1
"288","Stu_fd35ae3d66b7d0b5bd0a2c0d77c2b8d8",0.4,0.818181818181818,0.1,0.4,65,43,75,60,2,2,1,1,2589,2581,1753,5455,2,2,1,1
"289","Stu_fe40b3bf8e9597a60472b5d2a27f55fb",0.5,0.857142857142857,0.142857142857143,0.428571428571429,51,45,52,32,2,2,1,0,2093,4968,4829,9963,2,1,1,0
"290","Stu_fe82ec4f55056ddc9a240e5ea03ca108",0.285714285714286,0.697674418604651,0.103806228373702,0.333333333333333,92,63,62,42,6,1,5,1,3916,2716,2380,7936,6,1,3,0
