"","X","Anon.Student.Id","pre_test","immediate_post_test","delayed_post_test","Condition","hints_req","num_errors","minSpent","deltaErrors","intrcpErrors","deltaHints","intrcpHints","Inc..Cor","Inc..Hint","Inc..Inc","NumBOH","firstHintGeom","hintsGeom","errorsGeom","stubbornGeom","numErrors1","numErrors2","numErrors3","numErrors4","numHints1","numHints2","numHints3","numHints4","steptime1","steptime2","steptime3","steptime4","firstHint1","firstHint2","firstHint3","firstHint4"
"1",1,"Stu_0219136de66a5f3a0db28b2dd02a3dda",3,2,3,"moderate",4,4,1,3,5,2,4,2,3,5,2,2,3,2,3,5,5,4,3,3,3,4,3,4,1,1,1,3,3,4,2
"2",2,"Stu_029eb9f0cdfed76e9886909ffa3204c5",1,1,1,"single",2,4,1,5,3,2,3,3,2,5,1,4,4,1,4,4,4,5,5,2,2,1,2,2,1,1,2,3,1,1,1
"3",3,"Stu_02ffd6d9e6cec505aff1d197490d4516",2,2,1,"interleaved",5,5,1,1,5,4,5,1,5,2,3,1,1,2,1,4,4,4,5,5,5,5,4,2,1,1,2,5,5,3,1
"4",4,"Stu_0326178080208c048588af537814223c",2,1,1,"single",2,3,5,1,5,2,3,3,2,4,1,4,4,3,2,2,2,3,5,2,1,1,1,1,5,4,1,1,2,1,1
"5",5,"Stu_03663f81703974bda3196288bbf66b81",1,1,1,"increased",4,5,1,4,5,5,3,1,4,5,2,1,2,1,2,5,5,5,5,4,4,5,4,4,2,2,2,4,5,4,1
"6",6,"Stu_03c2835b10aaf0656553c50c1e93f9b6",4,2,3,"moderate",5,4,1,5,4,3,5,1,5,2,3,1,1,2,1,5,4,4,5,5,5,5,4,4,2,1,1,5,5,4,1
"7",7,"Stu_05e8954ca1a8c3a12436eca6835a621d",3,2,4,"moderate",1,1,3,2,2,3,1,5,1,2,1,5,5,5,5,1,2,2,2,1,1,1,1,5,4,4,1,1,1,1,1
"8",8,"Stu_07028f34082e2d4088498ab7f7cad6dd",1,1,1,"increased",4,5,1,5,2,5,4,2,4,5,2,2,1,1,2,4,5,5,5,4,4,5,4,5,2,2,1,4,4,4,1
"9",9,"Stu_0769b9457a7a842c8b2d35ff3ffdec1e",2,1,2,"increased",3,4,1,2,4,5,1,4,3,3,1,3,3,2,4,4,4,3,3,2,2,4,3,2,1,2,1,1,3,3,1
"10",10,"Stu_07fd78dd83d1ec46bf245b362819060b",1,1,1,"interleaved",5,5,1,1,5,1,5,1,5,5,2,1,1,1,1,5,5,5,5,5,5,5,3,4,2,1,1,5,5,4,1
"11",11,"Stu_08362a13568069b25224a4db8fe7b4de",1,2,1,"increased",4,5,3,5,5,5,1,1,3,5,2,3,2,1,3,5,5,5,5,2,4,4,3,4,4,5,2,2,4,1,1
"12",12,"Stu_086041242bb397f893ec9d1d8bd7b51e",1,1,1,"interleaved",5,4,3,1,5,1,5,1,5,4,3,1,1,2,2,4,4,4,4,5,5,5,4,4,4,2,1,5,4,3,1
"13",13,"Stu_08d8c87c555e0637063113ccde57c63f",1,1,1,"blocked",5,4,4,5,1,5,3,1,4,5,3,2,2,2,2,3,4,5,3,5,5,4,2,2,4,5,1,4,4,3,1
"14",14,"Stu_0be70eb2a871c319496ac62dfade9f8b",5,5,5,"interleaved",2,1,1,3,1,3,2,5,3,1,1,4,4,5,5,1,1,1,1,1,2,2,1,1,1,1,1,1,3,1,1
"15",15,"Stu_0cfcc8521a7c73c8e642667a5314f321",4,4,5,"moderate",1,1,1,5,1,3,2,5,3,1,1,4,5,5,3,1,1,1,1,1,2,1,1,3,2,1,1,1,2,1,1
"16",16,"Stu_0d123da7b8eaa1d2260a16cc636831dc",2,3,4,"moderate",3,1,1,3,2,2,3,3,4,2,1,3,3,4,3,2,2,1,1,3,3,2,2,5,1,1,2,3,3,1,2
"17",17,"Stu_0ee832c267511e90d6a09634ae50a465",3,2,4,"single",1,3,3,2,4,3,1,4,1,3,1,5,5,3,5,3,4,4,2,1,1,1,1,1,3,4,3,1,1,1,1
"18",18,"Stu_0fa421b3109ce01515e05cc17fa47613",3,3,3,"blocked",5,5,5,1,5,1,5,1,4,5,2,1,1,1,2,5,5,5,5,4,4,5,4,3,5,5,1,4,5,4,2
"19",19,"Stu_0fc0cabe2864f1ada56adf7ec53eaa33",5,2,4,"interleaved",3,2,5,4,1,2,4,4,4,1,1,3,3,4,2,2,1,2,1,4,3,2,2,2,4,5,5,3,4,1,1
"20",20,"Stu_111100933da82866fcea6d998b2deb88",5,4,4,"moderate",4,4,5,2,5,1,4,2,3,4,3,3,2,2,2,4,4,5,4,4,3,3,2,3,5,4,2,4,1,1,1
"21",21,"Stu_122441360922d6ad0f5b0367cb224916",3,3,2,"interleaved",3,2,4,4,1,5,1,5,1,2,1,3,3,4,1,2,2,1,2,4,3,1,1,4,4,3,4,4,1,1,1
"22",22,"Stu_126e43921d496179255efa8d4402800c",4,3,5,"blocked",1,1,4,4,1,3,1,5,2,1,1,5,5,5,5,1,1,1,1,1,1,1,1,3,4,3,3,1,1,1,1
"23",23,"Stu_13c739cc2ac583df28b45ae2917fbce6",1,1,1,"single",2,5,1,1,5,2,3,3,2,5,1,4,4,1,5,5,5,5,5,2,2,2,1,4,2,3,1,1,2,2,1
"24",24,"Stu_144c675927ba36789ed6433f989b90da",1,2,2,"increased",4,4,3,1,5,1,5,2,3,4,2,2,2,2,3,4,3,3,3,3,4,4,3,5,1,2,2,3,3,4,1
"25",25,"Stu_15595b84aabe355079cb53ef616b7ff0",2,4,2,"increased",4,4,3,1,5,1,5,4,3,3,3,2,2,2,2,4,4,3,4,4,4,4,3,3,2,3,5,4,4,3,1
"26",26,"Stu_17ccef196180f04dd04afcd4eaf5f203",1,1,1,"blocked",5,5,4,5,4,5,5,1,5,5,3,1,1,1,1,5,5,5,5,5,5,5,4,5,3,2,5,5,5,4,1
"27",27,"Stu_182ab5c6a511381519769eb29a180a4d",4,3,3,"increased",3,2,4,4,2,5,1,3,2,4,1,4,3,3,4,3,3,3,2,2,3,3,1,3,4,4,5,2,2,1,1
"28",28,"Stu_1bfc65cd36fb6211ea966b1d86b77f3c",5,5,5,"blocked",1,1,5,5,1,3,1,5,1,2,1,5,5,5,5,1,1,1,1,1,1,1,1,5,5,5,4,1,1,1,1
"29",29,"Stu_1dccb85afc5f24b01e7c83dff6c056b4",5,5,5,"increased",1,1,2,4,1,3,1,5,1,1,1,5,5,4,5,2,1,2,1,1,1,1,1,3,2,2,4,1,1,1,1
"30",30,"Stu_1e4ba2eea4732b758cc4e0fbaa9a3c9c",4,4,4,"moderate",5,5,2,3,5,1,5,1,5,5,3,1,1,1,1,5,5,5,5,5,5,5,4,2,1,2,2,5,5,3,1
"31",31,"Stu_1f6a93d6bcec19559022bd21494d24c8",3,3,3,"blocked",4,3,5,1,4,1,4,3,3,3,2,3,3,4,3,2,2,2,3,3,3,4,3,5,5,4,4,3,3,3,1
"32",32,"Stu_21550f769032c2d7ab4a8d8ef1a39bb8",1,1,1,"blocked",4,5,3,1,5,4,4,2,3,5,1,2,2,1,3,5,5,5,5,4,4,4,4,4,1,2,4,4,3,4,2
"33",33,"Stu_21ef58ac79f20083cdfdf6f0e536bf9a",5,5,4,"blocked",4,5,5,5,3,5,1,1,3,5,2,3,3,2,3,4,4,3,4,4,3,4,1,1,5,5,2,4,3,2,1
"34",34,"Stu_2282d5f2e47add10b810d1ff77566c10",2,3,4,"blocked",2,5,3,1,5,2,3,2,2,5,1,3,4,1,4,4,5,5,5,1,2,3,1,4,2,2,2,1,3,3,1
"35",35,"Stu_23e8ae434f20a444e7f95d89042f3f34",2,3,3,"increased",4,3,2,4,2,3,4,3,4,2,1,2,2,2,2,4,4,3,3,3,4,5,4,5,2,3,5,4,5,4,1
"36",36,"Stu_23f26c510b39216759de1f95f9dbb35a",4,5,4,"single",2,2,4,3,2,2,2,4,3,2,1,4,4,5,5,1,1,2,1,2,2,2,1,1,5,5,1,2,1,1,1
"37",37,"Stu_27101c4660fe8895eb6a1f836e17cce8",4,5,3,"increased",3,2,5,3,2,2,4,4,3,1,1,3,3,4,3,1,2,2,2,3,3,3,1,5,5,4,4,3,4,1,1
"38",38,"Stu_27378bffbee0faf03d2016ebf61cc7e2",2,1,1,"blocked",2,5,5,1,5,4,2,3,2,4,1,4,4,1,4,4,5,5,4,1,2,2,2,1,5,5,5,1,3,2,2
"39",39,"Stu_27c0b9382669f1c56e2adcde294d65b4",4,5,5,"blocked",2,2,2,4,1,2,3,4,2,3,1,4,4,4,5,2,1,2,2,2,2,2,1,2,3,3,1,1,3,2,1
"40",40,"Stu_28a0a6c45a340ff204f21bf16b234197",3,4,1,"increased",5,5,3,5,4,2,5,2,4,4,2,1,1,1,2,5,5,5,5,4,4,5,4,3,1,3,5,4,4,4,1
"41",41,"Stu_296d75f607d62ce8f3294e6bdd4a7d19",2,2,3,"moderate",3,3,2,4,3,2,4,2,3,4,1,2,2,3,3,4,4,2,3,3,3,4,3,5,3,4,3,3,4,3,1
"42",42,"Stu_29824806b2ceca13a6d99c682848beaf",3,3,5,"blocked",4,3,3,5,2,1,5,1,5,4,2,1,2,3,1,3,2,3,3,5,5,4,4,4,3,2,4,5,4,4,1
"43",43,"Stu_2a0b823d015e212365a16f380c1b54e8",1,1,1,"increased",5,5,2,4,5,5,5,1,5,5,3,1,1,1,1,5,5,5,5,5,5,5,4,4,1,1,3,5,5,4,1
"44",44,"Stu_2a91910904fb41d5ecf20e658e293aaf",5,4,5,"blocked",2,1,1,4,1,2,3,5,3,1,1,4,3,5,3,1,1,1,1,3,3,1,1,5,2,1,2,2,2,1,1
"45",45,"Stu_2bf0ef986d28a5420a214e5dbf5f30d1",1,1,1,"moderate",2,5,3,1,5,5,1,1,2,5,1,4,3,1,4,5,5,5,5,3,2,2,3,5,3,3,4,3,1,1,2
"46",46,"Stu_2bf7614f688dbd63efac7129bd8254fa",3,2,2,"moderate",3,3,2,3,3,4,2,3,3,4,1,3,3,3,3,4,4,2,2,2,3,2,1,3,2,2,5,3,4,1,1
"47",47,"Stu_2c42b138d26591dc5b54152cfa791415",4,4,5,"moderate",1,3,2,4,3,3,1,4,1,3,1,5,5,3,5,3,3,3,4,1,1,1,1,4,1,1,5,1,1,1,1
"48",48,"Stu_2e9121fd839305a77a508af7a45b5ae7",1,1,2,"interleaved",5,5,3,1,5,5,5,1,4,5,3,1,1,1,1,5,5,5,5,5,5,5,4,2,2,2,5,5,3,1,1
"49",49,"Stu_2f5aa276ac6828ad5a90285263efad21",5,4,3,"single",1,2,4,2,3,3,1,5,1,2,1,5,5,4,5,2,2,2,2,1,1,1,1,1,4,5,1,1,1,1,1
"50",50,"Stu_2fd29e4bc51bde5c4c548818b338f41f",4,4,3,"moderate",1,1,1,5,1,4,1,5,1,3,1,5,5,4,5,1,2,2,2,1,1,1,1,4,1,3,2,1,1,1,1
"51",51,"Stu_2fd6d00f7bc643e0847c83f26cd2c932",1,1,1,"single",5,5,1,3,5,1,5,1,5,4,3,1,1,1,1,4,5,5,5,5,5,5,4,5,3,3,2,5,5,4,2
"52",52,"Stu_303b9129edf2ef2f27aa842f7e942c1c",4,4,4,"moderate",2,5,2,5,4,3,2,2,1,5,1,3,4,1,4,5,5,5,5,2,2,1,2,3,2,1,3,2,3,1,2
"53",53,"Stu_310fea7d7a347617b97db08c6063f398",3,3,2,"moderate",4,4,2,2,4,3,4,3,3,3,2,2,2,2,3,4,4,5,4,4,4,4,2,4,2,3,4,4,3,2,1
"54",54,"Stu_3121c17de835bc4bef8b3a7fb303edaf",5,5,3,"interleaved",3,1,5,3,1,2,3,2,5,1,1,3,3,5,1,1,1,1,1,3,2,3,2,2,5,5,2,4,1,2,1
"55",55,"Stu_3152fd806a55fe5abffc86370e59c0e0",4,3,3,"moderate",5,4,3,1,5,1,5,2,5,2,3,2,2,2,1,3,3,4,4,5,4,4,3,3,2,2,5,5,2,3,1
"56",56,"Stu_32956a071e61d87f1f11cb5fb48c843b",1,1,1,"blocked",5,4,2,1,5,1,5,2,5,3,3,1,1,2,1,5,4,4,4,5,5,5,4,4,2,3,2,5,5,3,1
"57",57,"Stu_33f585ad39c49eb30468ee16f2a43d31",2,3,2,"interleaved",5,4,2,2,4,1,5,1,5,3,3,1,1,2,1,4,3,3,3,5,5,5,3,4,2,3,4,5,5,3,1
"58",58,"Stu_3424f65fd324f5acbbcbfb1d1916e38d",5,4,4,"blocked",2,1,5,5,1,4,1,5,3,2,1,4,4,5,4,1,1,1,1,2,2,1,1,5,5,5,3,2,3,1,1
"59",59,"Stu_3516f7cd5b8fcf5ea7971f987c374470",5,5,5,"moderate",1,1,5,4,1,4,1,5,1,2,1,5,5,5,5,1,1,1,2,1,2,1,1,2,5,5,4,1,1,1,1
"60",60,"Stu_3546243c148e1c0fd550487155c2633a",4,5,5,"moderate",1,1,4,4,1,4,1,5,1,3,1,5,5,5,5,1,1,1,2,1,1,2,1,3,4,4,1,1,1,2,1
"61",61,"Stu_36979e9baa927de19e4ea67ec6ccde6a",4,4,4,"single",2,1,1,4,1,3,2,4,4,1,1,4,4,5,4,1,1,1,1,2,1,2,1,3,1,1,2,2,1,2,1
"62",62,"Stu_380a9d496fab86f4e174ad26555f1d50",2,2,2,"increased",5,4,3,1,4,5,4,1,5,3,3,2,1,3,1,4,3,3,3,5,5,5,3,4,1,3,2,4,4,3,1
"63",63,"Stu_38a0d1274ef939b9f5f172c3e83a2d9a",4,4,5,"interleaved",3,2,4,2,3,2,3,4,2,2,1,4,4,4,4,3,2,2,3,2,3,2,2,1,4,3,5,2,3,1,1
"64",64,"Stu_393d6b2d24728a7e72914375802109e5",1,1,3,"moderate",2,4,3,2,5,2,3,3,2,5,1,3,4,1,3,4,5,4,3,2,3,2,1,2,4,1,3,2,4,2,1
"65",65,"Stu_3a0b2c76d92919b95698c978840c5b59",3,2,2,"single",4,3,4,4,2,5,4,2,4,4,3,2,2,3,2,3,3,4,1,2,4,5,4,1,4,5,4,2,4,4,1
"66",66,"Stu_3ad63fe9dc17b3bcd4e3e459753eedfc",1,1,1,"blocked",5,5,4,5,4,5,5,1,5,5,3,1,1,1,1,5,5,5,5,5,5,5,4,4,3,2,4,5,5,1,1
"67",67,"Stu_3b78f74771f2a716ead67116f0c47272",2,1,1,"increased",4,5,2,1,5,1,4,2,2,5,2,2,2,1,3,5,5,5,5,4,4,4,3,5,3,2,2,4,3,3,1
"68",68,"Stu_3cf0015e21a21dabb53c1080cf14e5a7",2,2,2,"moderate",1,3,1,2,4,3,1,4,1,4,1,5,5,2,5,3,4,4,4,1,1,1,1,3,2,3,1,1,1,1,1
"69",69,"Stu_3d6cb7dfe38fbf85023ccc643ada8a37",2,3,4,"single",5,4,5,4,3,1,5,1,5,3,3,1,1,2,1,3,4,4,4,5,5,5,4,3,5,4,1,5,5,4,1
"70",70,"Stu_3e5cef34f5ce3532385a74bd9b1d2b0f",5,4,5,"increased",3,2,2,2,3,2,3,4,3,2,1,3,3,3,2,3,3,3,3,3,2,3,2,4,2,3,4,4,2,2,1
"71",71,"Stu_3ee88a2685b6d35ec2e4c2ae606be3b7",4,5,5,"interleaved",1,1,1,3,2,3,2,4,3,2,1,4,5,4,3,2,2,1,1,2,1,1,1,3,1,2,2,2,2,1,1
"72",72,"Stu_3fc68a7334debc9f4568ab8faa8b8272",2,3,3,"moderate",3,2,2,3,2,2,3,4,4,1,1,2,3,4,2,2,2,2,3,3,4,2,1,5,1,1,3,3,5,1,1
"73",73,"Stu_4004e6faf0a7850d667241b341a66ea4",3,4,3,"interleaved",5,4,5,5,2,5,4,1,5,2,3,1,1,3,1,4,2,3,3,5,5,5,4,5,5,5,4,5,3,4,1
"74",74,"Stu_40f33ec889269dee7d64de27572caca3",1,1,2,"increased",2,3,3,2,4,4,2,3,2,5,1,4,4,3,4,3,3,3,4,2,2,2,1,3,2,4,5,1,3,1,1
"75",75,"Stu_41865944486a89712aaf701994636881",3,5,2,"increased",5,3,5,2,3,5,5,1,5,3,3,1,1,4,1,2,2,3,3,4,5,5,4,3,5,4,5,4,5,4,1
"76",76,"Stu_468304a5e611234fd501b01150c0e28b",2,4,2,"single",4,2,1,1,4,1,4,3,4,2,1,2,2,4,2,3,3,2,1,3,4,5,2,3,1,1,2,3,4,4,1
"77",77,"Stu_473a0a06cbf517889090d4960942fe2e",3,3,2,"single",3,2,1,2,3,1,4,5,3,1,2,3,3,4,3,1,1,2,3,3,3,3,3,5,3,2,2,3,3,1,1
"78",78,"Stu_4771d18d131733d18e0a5ccbb55fdaf3",5,5,5,"interleaved",1,3,1,4,2,4,1,4,1,3,1,5,5,3,3,3,3,3,3,1,1,1,2,1,1,1,3,1,1,1,1
"79",79,"Stu_488ba2055e0170deaa114b920393bdad",2,2,4,"increased",3,3,4,5,1,2,4,4,3,2,2,3,2,4,2,3,3,3,2,4,3,3,3,2,4,4,3,3,2,3,1
"80",80,"Stu_49b7f44516e349c65a2c958cd630bb70",3,1,1,"interleaved",4,4,3,5,3,3,4,1,5,4,1,1,2,2,2,4,3,4,3,4,4,4,2,1,1,4,3,5,4,3,1
"81",81,"Stu_4a18f835d0d51fefe9d17889c725c3bf",5,4,4,"interleaved",3,3,4,1,4,5,2,4,3,2,2,3,3,3,3,3,3,3,2,3,3,3,2,4,4,5,5,4,2,1,1
"82",82,"Stu_4b66defa0ec037c2ddd793e2fb000a9a",2,3,3,"single",3,3,3,2,4,2,3,4,3,3,1,3,3,3,3,3,4,2,2,3,3,4,1,5,1,1,5,2,3,3,1
"83",83,"Stu_4b9fddc6814dec1f65fd4a807d07f3d4",5,5,5,"interleaved",1,2,1,1,4,3,2,4,2,4,1,4,4,3,4,3,2,2,4,2,1,2,1,2,1,2,4,2,1,2,1
"84",84,"Stu_4c475c6c0ce9adccdb9a377674497465",3,1,3,"blocked",5,4,4,2,4,2,5,2,5,3,1,1,1,2,1,4,4,4,3,5,5,5,4,2,1,4,5,5,5,4,1
"85",85,"Stu_4ca2668c44e0eec9323d47998b03f4e6",2,2,1,"moderate",3,4,4,2,4,5,1,3,3,4,1,3,3,2,4,4,4,3,3,3,3,3,1,5,2,4,5,3,3,3,1
"86",86,"Stu_4ca71596d5d479a3d0e37b0035a1751a",5,4,5,"interleaved",4,2,1,3,2,5,3,3,5,1,3,2,2,4,2,2,2,1,2,4,4,4,3,2,1,2,2,4,4,2,1
"87",87,"Stu_4d2087b65580ec581f8bda496a11fbb4",1,1,1,"moderate",5,5,1,1,5,5,5,1,5,5,3,1,1,1,1,5,5,5,5,5,5,5,4,5,2,2,1,5,5,4,1
"88",88,"Stu_4d6801e0ce815644ba414e7b6cf3896d",1,1,2,"interleaved",5,4,1,5,4,5,5,1,5,4,3,1,1,1,1,5,5,5,5,5,5,5,4,5,2,3,2,5,5,4,1
"89",89,"Stu_4df804692d1d5bffd2c63ba00320c097",5,5,5,"blocked",1,1,2,5,1,3,1,5,1,1,1,5,5,5,5,1,1,1,1,1,1,1,1,1,1,2,4,1,1,1,1
"90",90,"Stu_4e23446ef99f61ee24c1cee50b29f4f2",5,5,5,"increased",3,3,3,2,4,5,1,3,4,2,2,2,3,3,2,3,3,3,2,3,3,3,2,4,3,1,5,3,4,2,1
"91",91,"Stu_4e59d260ff2fb74e3cce5e335abb3af3",3,3,4,"moderate",4,3,2,4,3,1,4,3,4,3,2,3,2,3,3,4,2,4,3,3,3,4,3,3,2,1,3,4,3,3,1
"92",92,"Stu_5068a353bd56fee29974de17bca6ce01",2,2,2,"single",3,2,2,1,4,3,3,3,2,4,1,3,3,4,3,3,3,2,2,3,2,3,2,1,4,1,1,3,3,2,1
"93",93,"Stu_514d884310a2b010d87de88633153f8f",4,4,3,"moderate",2,2,4,2,3,4,2,4,2,4,1,4,4,4,3,3,3,2,1,3,3,1,1,2,4,5,1,2,2,1,1
"94",94,"Stu_5331ab5b801b869a1a9dcb560812c22f",4,3,2,"single",1,2,1,3,2,3,2,5,2,1,1,4,5,4,4,2,2,1,2,1,2,2,1,3,1,1,3,1,3,1,1
"95",95,"Stu_533ce1e7973750752733b575f05a9565",2,3,1,"interleaved",1,2,4,4,2,3,1,5,1,2,1,5,5,4,5,3,1,3,2,1,1,1,1,1,4,5,4,1,1,1,1
"96",96,"Stu_538f412044fcf0017d0e2680305b58d9",2,3,2,"blocked",1,4,3,3,4,3,2,3,1,5,1,4,4,2,4,4,4,5,4,2,1,2,1,2,1,1,5,2,1,1,1
"97",97,"Stu_54b0c10e7477a607ba0b98c48130c5d7",5,5,5,"blocked",1,1,3,5,1,3,1,5,1,1,1,5,5,5,5,1,1,1,1,1,1,1,1,1,4,3,2,1,1,1,1
"98",98,"Stu_56abc4df5c479634d7a22e5e3a16864b",5,5,5,"interleaved",1,2,3,2,3,3,1,5,1,2,1,5,5,4,5,3,1,2,2,1,1,1,1,1,1,1,5,1,1,1,1
"99",99,"Stu_56b7d83bf66949aa058953e7b1ba4788",2,2,1,"moderate",3,3,3,1,4,4,1,3,3,3,1,3,3,2,2,3,4,4,3,3,3,2,1,3,3,3,5,2,4,1,1
"100",100,"Stu_576291d127ad2183b7fee97dbdd64a49",5,5,5,"increased",1,1,3,4,1,3,2,5,2,1,1,5,5,5,3,1,1,1,1,1,1,1,1,1,4,3,2,1,2,1,1
"101",101,"Stu_58730f6a71c21cd26834e0beb5b28190",1,2,2,"interleaved",5,4,2,4,3,1,5,2,5,3,3,1,1,2,1,4,4,4,5,4,5,5,4,5,3,3,4,4,5,4,2
"102",102,"Stu_58a694454861f3d381a2c00d5fcf8dbb",3,3,5,"interleaved",2,3,2,2,4,2,3,4,1,4,1,5,4,2,5,4,3,4,4,1,2,2,1,4,3,4,2,1,1,1,1
"103",103,"Stu_5948ec9e8a5c005506e31c84d6d8961b",3,2,1,"moderate",5,5,3,1,5,5,4,1,5,4,3,1,1,1,1,5,5,5,5,5,5,5,4,3,1,2,5,5,5,4,1
"104",104,"Stu_5be4a312952f0b877d3833a2475cad1d",1,1,2,"single",5,5,1,4,4,5,5,1,5,5,3,1,1,1,1,4,4,5,5,5,5,5,4,5,3,2,1,5,4,4,1
"105",105,"Stu_5be8df1273d24f2fe2734e3e02cb1841",2,3,2,"single",4,3,5,1,4,1,5,3,5,1,1,2,2,4,2,2,3,2,2,4,4,4,3,3,5,5,4,4,4,2,1
"106",106,"Stu_5c8963bd0eb07464ae0bfd8e847f090c",4,5,3,"single",3,4,5,3,4,4,3,4,3,3,2,3,3,3,4,2,4,3,4,3,3,3,2,1,5,5,1,3,2,3,1
"107",107,"Stu_5d69f9755d7d2d7d1881d74421419348",4,3,3,"single",5,3,1,5,2,5,4,3,4,2,3,1,1,3,1,2,2,3,4,5,4,4,4,3,1,1,1,5,3,2,1
"108",108,"Stu_5db57d25b2f2dc108f34a0f9e2dbec59",4,4,4,"blocked",1,2,5,4,1,2,2,5,1,1,1,5,5,5,5,1,1,2,2,2,1,1,1,1,5,5,3,2,1,1,1
"109",109,"Stu_5e94e8e6ada5bd429d46d777d53759b0",2,2,2,"interleaved",5,2,3,1,4,2,5,1,5,2,3,1,1,4,1,3,2,3,3,5,5,5,4,2,4,1,3,5,4,4,2
"110",110,"Stu_6009635371a9134cac9a7d77853fdfab",4,5,4,"increased",3,1,5,4,1,2,4,3,4,2,1,3,3,5,3,1,1,1,1,4,3,2,2,1,4,5,4,3,2,1,2
"111",111,"Stu_625f3c32e6770e5a4c4c251c078e3282",3,3,4,"interleaved",4,3,4,1,4,1,5,2,5,2,3,2,2,3,1,4,3,3,2,5,5,4,3,2,4,4,3,5,4,1,1
"112",112,"Stu_6445bc89cfa561e81f5a16177e1e7ddb",3,1,1,"increased",4,5,1,2,5,5,3,2,4,5,2,1,2,1,2,5,5,5,4,4,4,4,3,3,2,1,2,4,5,3,2
"113",113,"Stu_6466d8d84d88cebaa4e8b6cfb93599b3",2,2,2,"blocked",2,4,2,2,4,2,3,3,2,4,2,4,3,2,3,4,3,4,3,3,3,1,1,1,1,3,4,2,2,1,1
"114",114,"Stu_65285ebd57918d3f0bac72a212a3f23e",4,4,4,"blocked",2,2,5,1,4,2,3,4,3,2,2,4,4,4,4,2,2,2,2,2,2,3,1,5,5,4,4,2,1,3,1
"115",115,"Stu_65fc1f407ffc257e0be1f548e64faa74",4,4,3,"increased",2,4,1,5,2,4,2,3,1,4,1,4,4,2,4,3,4,3,4,2,3,1,1,4,3,2,2,2,1,1,1
"116",116,"Stu_670f6963074fa943b5f50117c9c1dab8",3,4,4,"increased",4,2,4,3,2,4,4,5,3,1,1,2,2,4,2,2,3,1,2,4,4,4,2,2,4,5,1,4,3,3,1
"117",117,"Stu_674d6e235d85444f74cacc9931b97bbd",4,5,4,"single",1,1,3,4,1,3,2,5,1,2,1,5,5,5,5,1,1,1,1,1,1,2,1,3,4,1,3,1,1,1,1
"118",118,"Stu_676a4f12515d156b5b236d7e22c86b43",3,4,5,"single",4,2,5,2,3,1,4,3,4,2,2,2,2,5,2,1,2,1,3,3,4,3,3,1,5,5,1,3,4,1,1
"119",119,"Stu_67b0d1715e20120d2325188a693f5cfe",1,2,2,"blocked",5,5,2,5,4,1,5,1,4,5,3,1,1,1,1,5,5,5,5,5,5,5,4,5,3,2,2,5,4,4,2
"120",120,"Stu_6859f840cf837742c8879c9ec8911ff4",5,4,3,"single",1,1,3,4,1,4,1,5,1,1,1,5,5,5,5,1,1,1,1,1,1,1,1,1,3,4,5,1,1,1,1
"121",121,"Stu_688127475328204a7a664517cbecc390",2,3,3,"blocked",3,3,5,4,3,5,2,3,2,4,2,4,3,3,4,3,3,2,2,3,3,3,1,1,4,5,5,2,3,1,1
"122",122,"Stu_6990bd426ea9e775aaac7cfadbf6f4f1",3,4,4,"blocked",1,1,3,3,1,3,2,5,2,1,1,5,5,5,5,2,1,1,1,1,1,1,1,1,3,3,4,1,1,1,1
"123",123,"Stu_6a4db09cda9e6bea58866ddc295a6963",5,4,4,"single",1,1,1,4,1,3,2,5,1,1,1,5,5,5,5,1,1,1,1,2,1,1,1,2,1,1,1,1,1,1,1
"124",124,"Stu_6a7bc6e2d70ef9317ce3430488d9c0b7",1,2,2,"blocked",3,3,3,1,4,2,4,4,3,2,2,3,3,3,2,2,3,4,4,4,3,3,2,4,3,3,5,4,3,2,1
"125",125,"Stu_6d87225c1064a2f9e483667f4011d181",1,1,1,"single",5,5,3,5,4,5,4,1,3,5,3,2,1,1,2,5,5,5,3,4,4,4,4,2,3,4,1,4,4,4,1
"126",126,"Stu_6d943bb7efcee3d96328d20078fbe57c",5,4,5,"moderate",1,1,4,3,1,3,1,5,1,1,1,5,5,5,5,1,1,1,1,1,1,1,1,5,4,3,3,1,1,1,1
"127",127,"Stu_6eae955c448499961e337d954b0abaa9",2,3,2,"interleaved",1,4,1,3,4,3,1,4,1,4,1,5,5,2,5,5,4,4,4,1,1,1,1,2,1,2,3,1,1,1,1
"128",128,"Stu_72912f5cea797e765ac757b485d4171c",3,2,2,"moderate",5,5,2,2,5,5,5,1,5,4,3,1,1,1,1,5,5,5,5,5,5,5,4,2,2,2,3,5,5,3,2
"129",129,"Stu_73baa4732ae2626380a1bea00684c700",1,2,3,"moderate",4,4,5,5,3,5,3,2,4,3,1,1,2,2,2,4,4,4,3,4,4,4,3,3,5,5,4,4,5,3,2
"130",130,"Stu_73dbf2534db4750360be3997d153ad21",2,1,2,"interleaved",5,5,3,5,3,5,4,1,4,4,3,1,1,1,2,5,5,4,5,4,5,5,4,4,2,3,3,4,5,4,1
"131",131,"Stu_75776417f1526cfb557185486867f2ea",1,1,1,"increased",5,5,2,5,5,5,5,1,5,5,3,1,1,1,1,5,5,5,5,5,5,5,4,5,2,3,3,5,5,1,2
"132",132,"Stu_75df9ed6a7fa909c354170d84c8e2a77",4,4,5,"single",1,1,5,1,2,3,2,5,1,1,1,5,5,5,5,1,1,1,1,1,1,1,1,1,5,5,1,1,1,1,1
"133",133,"Stu_75f479118f41c6a32f11c667e71dde42",2,2,1,"moderate",2,4,3,2,5,5,1,3,1,4,1,4,4,2,4,4,4,4,5,2,2,2,2,4,3,1,4,2,1,1,1
"134",134,"Stu_767cd32286057446091878c4e6a3a840",1,2,2,"moderate",1,4,4,2,5,3,2,4,1,4,1,5,5,2,5,4,5,4,4,2,1,2,1,1,5,4,4,1,1,1,1
"135",135,"Stu_768aeb481d43af8b886e4b3c2df317bf",3,2,3,"increased",5,4,1,5,2,2,5,1,5,4,3,1,1,2,1,4,4,3,3,5,5,5,4,4,2,3,1,5,5,4,1
"136",136,"Stu_76f77857356aa3dd4c2f6437d079a0bf",5,5,4,"blocked",1,1,3,4,1,3,2,5,1,1,1,4,5,5,4,1,1,1,1,2,1,1,1,4,2,1,5,2,1,1,1
"137",137,"Stu_77737d76e06843da0a694a186bfa06e4",3,2,4,"single",1,3,4,2,3,2,2,4,2,4,1,4,5,3,4,2,2,3,4,2,1,2,1,5,3,5,1,2,1,1,1
"138",138,"Stu_789a5467da3db17f0265ec1ed630e190",1,3,3,"increased",4,5,3,5,2,4,4,1,5,4,2,1,1,1,1,5,4,4,4,4,5,4,3,5,3,2,5,4,5,3,2
"139",139,"Stu_79f992f66a8803ba4a9d32f8b613a10f",1,2,1,"blocked",2,4,4,2,4,3,2,4,2,3,1,4,4,2,4,4,4,4,4,2,1,1,2,2,4,4,4,2,1,1,2
"140",140,"Stu_7b3f7d6a49cd9990ffe58d4bf4a3f898",2,2,3,"blocked",1,4,2,5,2,4,1,3,1,4,1,5,5,2,5,4,5,4,4,1,1,2,1,3,3,3,4,1,1,2,1
"141",141,"Stu_7c305c0273cb53c65cf42bcc0bee06a6",1,2,2,"interleaved",4,3,2,3,2,5,2,2,4,3,2,2,2,4,3,2,2,2,2,4,4,3,3,3,1,1,4,4,3,2,1
"142",142,"Stu_7d1578f235968d6be18ac11a10ddf74b",5,4,5,"single",2,2,4,3,3,4,1,4,1,3,1,4,4,3,4,2,1,3,3,2,1,2,2,3,5,4,1,1,1,2,1
"143",143,"Stu_7dfea40156ac4fc5ea332d1f78681998",5,4,5,"moderate",3,1,3,3,1,4,3,4,4,1,1,3,3,5,1,2,2,1,1,4,3,3,1,1,3,4,4,4,3,2,1
"144",144,"Stu_7e607f4af9a981c63dd0f2b5c76c21a6",1,4,4,"increased",2,2,3,4,2,2,3,4,1,4,1,4,4,4,5,3,2,2,2,2,2,1,1,4,2,2,5,2,1,1,1
"145",145,"Stu_7f664d7098880853042adbab429ddd8c",2,1,2,"increased",4,3,2,3,3,2,4,1,5,3,2,1,1,3,1,4,4,2,3,4,5,5,3,3,1,1,3,4,5,3,1
"146",146,"Stu_80ff1b554e6d05295cb00d69fbfd3fd0",3,2,3,"blocked",2,5,2,1,5,3,2,2,1,5,1,4,4,1,4,5,5,5,5,3,1,1,1,2,1,2,3,3,1,1,1
"147",147,"Stu_81c07ceb2faf57e7176e7ea6671a30bc",4,4,4,"moderate",3,3,5,3,3,4,3,4,2,4,2,5,4,3,5,3,2,3,3,2,2,3,1,1,5,5,3,2,1,1,1
"148",148,"Stu_823362fb368a75d6052f295d46d39b0d",1,1,1,"blocked",2,5,3,5,5,3,2,1,1,5,1,4,4,1,5,5,5,5,5,1,1,2,1,5,3,1,3,1,2,1,1
"149",149,"Stu_835cee4f5667c92324f17141f7e26c88",3,5,4,"increased",1,2,4,3,2,3,1,4,1,3,1,5,5,4,5,2,3,2,2,1,1,1,1,1,4,4,4,1,1,1,1
"150",150,"Stu_847b8b6fc192d9e3fe980ae1947b407d",3,5,4,"blocked",1,4,2,4,3,4,1,2,1,5,1,5,5,2,5,3,4,4,4,1,1,2,1,4,1,3,2,1,1,1,1
"151",151,"Stu_84994d354a010153db418cacc5b143b7",3,3,3,"increased",4,3,4,4,2,1,4,4,3,3,1,3,3,3,3,3,3,3,3,3,3,4,2,1,4,4,5,3,3,1,1
"152",152,"Stu_8511d3f496e105e7c4eab288f2e927bb",4,3,3,"single",2,1,4,3,1,2,3,5,3,1,1,4,4,5,4,1,1,1,2,3,2,2,1,1,5,4,1,2,1,1,1
"153",153,"Stu_86441f5569420b118f29b35db58b1302",1,3,3,"increased",2,3,2,4,3,3,2,3,2,4,1,4,4,3,4,3,3,4,3,1,1,3,1,3,2,3,5,1,2,3,1
"154",154,"Stu_86ebdf1974ae76360ae3ced3094fafaa",2,1,1,"blocked",5,5,5,5,3,2,5,2,4,5,2,1,1,1,3,5,4,4,5,5,5,5,3,5,4,5,2,5,4,3,1
"155",155,"Stu_875d3347100e81b293e8ece803c78abf",4,1,2,"blocked",5,4,4,1,5,1,5,2,4,4,3,2,2,1,2,5,5,4,4,4,5,4,3,2,3,4,5,4,4,4,1
"156",156,"Stu_88612c80976ad46841fe37b844933cfe",3,4,3,"interleaved",4,4,2,4,3,2,4,2,3,5,3,2,2,2,3,4,4,3,4,4,4,4,1,2,4,2,2,5,5,1,1
"157",157,"Stu_88a25f27d9c0b3a8eca25554becadf55",4,3,4,"moderate",2,2,2,2,2,4,2,5,2,1,1,4,4,4,3,2,2,2,2,2,3,1,2,2,1,3,4,2,2,1,1
"158",158,"Stu_88da27fcbc6dfd9c427f610eeba4e766",4,3,4,"blocked",3,1,5,2,2,1,4,3,4,2,1,3,3,5,3,1,1,1,1,3,3,3,1,5,5,4,3,3,3,1,1
"159",159,"Stu_88e4d78e867369d9af354a376d33a30a",4,5,5,"moderate",3,3,4,1,4,2,3,3,3,3,2,3,3,3,3,2,3,2,2,3,3,4,2,2,4,5,5,3,3,2,1
"160",160,"Stu_8aae219d81719734ac10384bce85db87",3,2,1,"blocked",5,5,2,5,2,1,5,1,4,5,3,2,1,2,2,4,4,5,4,5,5,5,4,4,2,3,2,4,4,3,1
"161",161,"Stu_8b2935ad16f580601b3d64f2a281810b",2,2,2,"blocked",5,5,1,1,5,1,5,1,5,5,3,1,1,1,1,5,5,5,5,5,5,5,4,4,2,1,1,5,3,1,1
"162",162,"Stu_8b91cc6b2831691ff5244218b778e964",3,3,4,"single",3,1,5,3,1,3,3,2,5,1,1,2,3,5,2,1,1,1,1,3,2,3,2,2,5,1,5,4,3,3,1
"163",163,"Stu_8becc7995ad43a7a8f3379ac21130fba",1,1,1,"increased",4,5,2,5,4,5,3,1,3,5,3,2,2,1,3,5,5,5,5,4,4,4,4,4,2,3,2,3,4,4,2
"164",164,"Stu_8d839ea9267fd7f0b1d3d7a1649c67c8",3,1,2,"single",3,4,4,1,4,1,4,3,4,1,1,2,3,3,3,2,3,3,2,2,3,3,3,2,3,1,5,1,5,3,2
"165",165,"Stu_8ebcacdced16cc8e3010875bc3514449",4,2,4,"moderate",1,2,4,2,3,3,2,4,2,3,1,4,4,3,3,2,3,3,2,1,2,1,1,4,3,4,5,1,3,1,1
"166",166,"Stu_8ec0f8248f09202fd48bbdf90f4089a7",4,5,5,"blocked",3,1,3,2,2,4,2,5,2,1,1,4,3,4,4,2,2,1,1,3,2,3,3,3,3,1,5,2,1,2,1
"167",167,"Stu_905588d3337fafd3862665cc62d79279",2,2,3,"interleaved",3,4,5,1,4,4,3,3,3,4,1,3,3,3,3,3,2,3,3,3,3,3,2,1,5,5,3,3,3,2,1
"168",168,"Stu_90eaec73df0d512684fe630051a04724",1,2,1,"single",3,3,2,1,4,1,4,5,2,1,1,3,3,3,3,2,4,3,2,3,1,2,4,5,2,1,5,3,1,1,2
"169",169,"Stu_92b36f79b144ba71687ca0a6718f47f5",3,4,2,"single",2,2,5,1,3,1,3,4,3,2,1,3,4,5,3,1,1,2,1,3,2,2,1,1,5,4,2,3,3,1,1
"170",170,"Stu_935d63d16c48ae91df2ae44bd4fb047b",5,5,5,"moderate",3,2,1,3,2,4,2,3,4,2,1,3,3,4,3,2,1,2,2,3,4,3,2,2,1,1,3,3,3,2,1
"171",171,"Stu_942611a771fa730ed39c1590633eaaf5",4,4,3,"single",5,2,5,5,1,5,2,2,5,1,1,2,2,5,2,2,1,1,1,5,4,4,1,1,5,5,2,4,3,1,1
"172",172,"Stu_95040519c8fc72caeca0315f3c2f0c15",1,1,1,"single",5,5,3,1,5,1,5,1,4,5,1,1,1,1,2,5,5,5,5,4,5,5,4,5,2,1,3,4,5,4,1
"173",173,"Stu_95c42d237b27a1d85b7664bc8e4d5f87",4,5,4,"moderate",2,1,5,2,2,2,3,5,2,2,2,5,4,5,5,1,2,1,1,3,2,1,1,1,5,5,5,2,1,1,1
"174",174,"Stu_96b7065415bbcc6cede33fe4e5e88f13",3,5,4,"increased",4,4,4,3,4,1,5,3,4,3,2,3,2,2,3,3,4,4,4,4,4,3,2,3,4,4,5,3,4,1,1
"175",175,"Stu_9720ccd051a0af4c2acc5740b68c4f49",2,3,3,"blocked",4,3,1,4,2,5,3,2,5,2,2,2,2,2,1,3,4,3,4,5,5,4,3,5,3,3,2,4,5,2,1
"176",176,"Stu_9889909d270129ea3f3b90afb21ea7aa",3,4,3,"moderate",4,3,3,2,4,1,5,3,3,3,1,2,2,3,3,4,3,3,3,4,4,3,2,4,3,3,2,4,3,1,1
"177",177,"Stu_991dbe0876d891ec67402c5bb7f2e9c1",1,1,1,"single",5,5,2,1,5,1,5,1,5,3,1,1,1,1,1,5,5,5,5,5,5,5,4,5,3,3,3,5,5,4,1
"178",178,"Stu_9969ad927bc300735c110f7824a3f7e2",4,4,2,"single",3,5,4,1,5,2,3,4,1,4,1,3,4,1,4,5,5,5,4,2,2,3,3,3,4,3,5,1,2,2,2
"179",179,"Stu_998574997528a37e62b2fcecc68cdec1",1,2,2,"single",2,1,4,3,2,3,2,5,3,1,1,4,4,4,3,1,1,2,1,2,1,2,1,2,5,1,1,2,2,2,1
"180",180,"Stu_99deca0276ae3b1b1575f8abbb162ac0",4,2,2,"increased",5,3,1,2,3,5,5,2,4,4,3,1,1,3,1,3,2,3,4,5,5,5,4,5,3,3,2,5,4,2,1
"181",181,"Stu_9a305d781610872e75a1d10d90ea34b3",3,3,2,"interleaved",3,5,3,1,5,5,1,1,2,5,3,4,3,1,4,5,5,5,5,3,3,3,3,4,3,3,4,2,3,1,1
"182",182,"Stu_9ceb9f6037d633a8a84e40ab105822a7",2,3,3,"blocked",4,2,4,5,1,5,1,3,4,2,2,2,2,4,2,1,2,2,2,3,4,4,3,1,4,3,5,3,3,4,1
"183",183,"Stu_9d72f1246636f759829b1655cfb287af",5,2,3,"single",2,4,1,1,5,3,3,4,2,3,1,3,4,3,4,3,3,3,3,2,2,2,1,4,3,2,1,2,2,3,1
"184",184,"Stu_9f440b0bb661567766c0d9aee899e38c",5,5,4,"increased",2,2,5,4,2,3,2,5,1,2,1,4,4,4,4,2,2,2,2,2,1,2,1,5,5,5,2,1,1,2,1
"185",185,"Stu_9f50555c720f8c0cc3b84f0ff9c468e0",5,5,5,"increased",1,1,5,3,2,4,1,5,1,2,1,5,5,5,5,1,1,1,1,1,1,2,1,2,5,5,3,1,1,1,1
"186",186,"Stu_a0787910cff6831f95b824b99d0979e3",1,1,1,"blocked",3,4,2,1,5,2,4,4,2,4,1,3,3,2,4,4,4,4,3,3,3,4,3,4,1,1,4,3,3,3,1
"187",187,"Stu_a0d88b9ffc717c163b5e2331a8dc2beb",4,5,5,"increased",1,1,3,4,1,3,2,5,2,1,1,4,5,5,5,1,1,1,1,2,2,1,1,1,3,2,5,2,1,1,1
"188",188,"Stu_a13b233968b062fe118a345790eb2348",4,4,5,"moderate",3,2,4,2,3,1,5,5,2,1,1,4,3,4,3,3,2,2,2,2,3,3,1,1,4,4,3,2,2,1,1
"189",189,"Stu_a5ea7ae2d49e9b048e72e76c3912ab24",1,2,2,"interleaved",3,4,2,1,5,1,4,3,4,3,1,1,2,2,2,5,4,4,4,4,4,4,2,5,2,2,2,4,5,4,1
"190",190,"Stu_a7677f3a7978d2ea5bcb12eb9c738035",4,5,5,"moderate",2,2,4,1,3,2,3,5,2,2,1,4,4,4,4,1,2,2,1,2,2,3,1,1,4,4,3,1,2,2,1
"191",191,"Stu_a7e5c104fb3ebf73c9a08712824c493a",2,3,1,"blocked",3,3,5,3,3,2,4,3,4,3,1,2,3,3,2,3,3,3,3,4,4,3,1,2,5,4,3,4,3,2,1
"192",192,"Stu_a8af55f5fd81a0fa2c2df5968f32c763",1,1,1,"blocked",5,5,3,5,5,5,1,1,5,5,3,1,1,1,2,5,5,5,4,5,5,5,4,4,2,3,3,5,5,1,2
"193",193,"Stu_ab55a3e9e2dab7ba4110355f1581ef15",4,4,4,"increased",4,1,5,4,1,1,4,5,4,1,1,2,2,5,2,1,1,1,1,4,4,4,2,2,5,5,3,4,4,1,1
"194",194,"Stu_abd1601b861dc3a7ff159d59a3c917d2",2,2,2,"increased",3,3,2,4,3,5,3,2,4,3,2,2,2,3,2,4,3,3,3,3,4,4,3,3,1,1,4,3,4,4,2
"195",195,"Stu_ac749852a385e79f4cfaf212d53be8b5",1,1,1,"single",5,5,5,5,5,4,5,1,4,5,3,1,1,1,2,5,5,5,5,5,5,4,3,4,5,5,3,5,3,1,1
"196",196,"Stu_ad8fc82fe3ae4aa714bbba659692e9be",2,4,3,"single",5,4,4,1,4,1,5,1,5,5,3,1,1,2,1,3,4,3,4,5,5,5,4,3,4,5,1,5,5,3,1
"197",197,"Stu_adb6ff10f45b1ef537588cf6e2492865",5,5,5,"increased",2,1,5,3,1,3,2,5,3,1,1,4,4,5,4,1,1,1,1,2,2,1,1,1,5,5,4,2,1,1,1
"198",198,"Stu_af3b6d148e2adc6b05a87132b862e155",3,3,3,"blocked",2,3,1,4,2,3,2,3,2,4,1,4,4,3,4,3,4,3,2,1,2,2,1,4,3,3,1,1,3,2,1
"199",199,"Stu_af7e777de098cb586361e680126ba553",1,1,1,"blocked",5,5,3,5,3,1,5,1,5,5,3,1,1,1,1,5,5,5,5,5,5,5,4,4,2,2,4,5,5,4,1
"200",200,"Stu_afede044915bef989f7b21aa0e07624e",5,5,5,"moderate",1,1,5,4,1,3,2,5,1,2,1,5,5,5,5,1,1,1,1,2,1,1,1,1,4,5,5,1,1,1,1
"201",201,"Stu_b013f92fa81a8ac5aef78bde4e887573",2,3,2,"increased",4,3,1,3,3,4,4,3,4,2,2,2,2,2,2,3,4,4,4,4,4,4,2,4,2,3,1,4,4,4,1
"202",202,"Stu_b16b9a1d043e26019df6f9359dd2d919",3,4,4,"interleaved",3,2,4,4,2,1,4,4,3,3,1,3,3,4,3,2,2,2,2,3,3,3,1,1,4,4,5,3,3,2,1
"203",203,"Stu_b1d059b0e06dcac81165f0ad6c2da8dd",5,5,4,"interleaved",4,3,1,1,4,1,5,2,5,3,2,2,2,3,2,3,3,3,5,4,4,4,3,2,1,1,1,4,4,3,1
"204",204,"Stu_b29a36cbc10ef103cea964ce8a0b3581",5,5,5,"interleaved",2,1,5,3,2,2,3,3,4,1,1,3,4,5,1,2,2,1,1,2,3,2,1,2,5,3,4,3,4,2,1
"205",205,"Stu_b447040e0d138acc66334a3c956a7135",2,2,3,"moderate",4,5,3,1,5,1,5,1,3,5,3,2,2,1,3,5,5,5,5,4,4,4,3,5,3,2,3,4,5,3,1
"206",206,"Stu_b48b4a695730c69cf82a2051e588743c",3,3,3,"blocked",3,3,5,2,3,4,2,5,2,2,1,3,3,3,3,3,4,3,3,3,3,3,1,2,5,4,5,2,3,2,1
"207",207,"Stu_b6c809c630ab17125c992870cdba28e8",4,5,4,"interleaved",5,4,2,2,4,1,5,1,5,3,2,1,1,2,1,5,4,3,5,5,5,5,4,3,1,2,5,5,5,1,1
"208",208,"Stu_b990fca98e056c95e75f509625b588a1",4,5,4,"interleaved",2,1,4,2,2,2,3,5,2,1,1,4,4,5,2,1,1,2,1,1,2,1,1,1,4,5,3,1,2,1,1
"209",209,"Stu_babe5be7cf31b15d96831cc8c9bd7626",1,1,1,"moderate",4,3,4,3,3,1,5,1,5,2,2,1,1,3,1,3,3,2,2,5,5,5,3,4,4,5,4,5,5,2,1
"210",210,"Stu_bac81553d8261810c4c18a6e07dd0c07",5,3,4,"increased",2,1,4,4,1,4,2,5,2,2,1,5,4,5,5,2,1,2,1,1,1,2,2,5,3,3,5,1,2,1,1
"211",211,"Stu_bb31f0449457cb7b93d7108af032791f",4,5,5,"blocked",2,2,1,3,2,2,3,4,2,2,1,4,4,4,3,2,3,2,3,1,1,3,1,5,2,2,1,1,1,2,1
"212",212,"Stu_be1bd303f56094e88a2cb4d1d5ede4c2",5,5,5,"single",4,2,4,4,2,2,4,3,3,2,3,2,2,4,1,1,1,3,3,4,3,3,2,1,4,4,1,4,3,2,1
"213",213,"Stu_bea5309af15862599af00616081be3e5",1,1,2,"blocked",3,4,5,5,3,3,3,3,2,4,2,3,3,2,4,3,4,4,5,3,3,3,3,5,4,5,3,2,3,3,1
"214",214,"Stu_becd00fb667e7fa692069afc423e7ca7",2,2,1,"single",3,5,4,5,3,5,1,2,1,5,1,4,4,1,4,5,5,5,4,2,2,3,2,3,4,4,3,2,2,3,1
"215",215,"Stu_bf7968cb36ebefbc4a9bbd20fb8234fe",5,5,5,"single",3,4,1,5,3,5,1,4,2,3,2,3,2,2,3,4,4,4,4,3,4,4,3,5,3,2,2,2,3,2,1
"216",216,"Stu_bfbdb7cd9399f26c99832b503745cc7c",5,3,4,"increased",5,4,2,2,4,1,5,2,5,3,2,1,1,2,1,3,3,4,5,5,5,5,4,5,3,3,2,5,5,3,1
"217",217,"Stu_c2f9e895c596a2b8813adc3489fc5cba",2,3,3,"increased",2,3,2,3,3,4,2,4,2,3,1,3,4,3,4,3,3,4,3,2,2,2,1,3,2,2,5,2,3,3,1
"218",218,"Stu_c52fa0bf1ccdc2369b19c2bcb2e3ca89",3,2,2,"blocked",2,2,5,1,4,2,3,4,1,3,2,4,4,4,4,2,2,1,2,2,1,2,2,1,5,5,3,2,1,1,1
"219",219,"Stu_c7172525f837773c77976438a901b17f",1,2,3,"single",5,4,2,2,5,1,5,2,3,5,3,2,1,2,2,4,3,5,5,5,5,5,4,5,3,3,3,4,5,1,2
"220",220,"Stu_c7cf07c89ea48f4069f3e0733f81dcf2",4,3,2,"blocked",3,2,3,3,2,4,1,3,3,3,1,3,3,4,4,2,2,2,2,1,3,3,1,1,1,4,4,1,4,1,1
"221",221,"Stu_c8b9cddcb61c0cfb096ef6a8b99a48ee",3,5,5,"blocked",2,2,3,4,2,4,1,5,2,1,1,4,4,4,4,2,2,2,2,1,2,2,1,1,3,4,3,1,2,1,1
"222",222,"Stu_ca2e8b419e37b37a8ddce91700818441",3,4,4,"blocked",2,1,3,2,2,2,3,4,3,2,1,3,4,5,4,1,1,2,1,3,2,1,1,2,1,3,5,3,3,1,1
"223",223,"Stu_cadf37150207036570ea02e92ea8a6dd",5,5,5,"single",1,1,2,3,1,3,1,5,1,2,1,5,5,5,5,1,1,1,1,1,1,1,1,2,3,4,1,1,1,1,1
"224",224,"Stu_cd10963dae46855a63c997c958707f18",3,1,1,"interleaved",1,5,1,5,5,3,2,1,1,5,1,5,5,1,5,5,5,5,5,1,1,2,1,5,2,3,3,1,1,1,1
"225",225,"Stu_cdcef7728aa1149fa68cda06678c4522",5,5,5,"interleaved",2,2,1,3,2,2,3,4,2,4,1,4,4,4,4,2,2,3,3,1,2,2,1,2,1,2,2,1,2,1,1
"226",226,"Stu_ce9e7a1c87e1f11305b86affbbc84bdd",5,4,5,"increased",3,1,2,5,1,4,3,2,5,1,1,2,2,5,2,2,1,1,1,4,4,3,2,5,3,2,5,4,4,3,2
"227",227,"Stu_cf299657421a46bf8d0c5d34b142baee",2,3,3,"moderate",4,1,1,4,1,1,5,3,4,2,2,2,1,5,1,2,1,1,1,5,4,4,4,4,2,3,2,5,3,2,1
"228",228,"Stu_cfc0c295bc9d1e099738b3d7a4a320ca",3,3,3,"single",2,3,1,3,3,4,2,2,2,5,1,4,4,3,4,2,3,3,2,1,2,2,1,3,1,1,2,1,3,2,1
"229",229,"Stu_cfccdc29e8fe68aa10553e0c6ec216ea",4,2,3,"single",4,2,1,2,3,1,4,3,4,2,3,2,2,4,2,2,2,3,3,4,4,4,3,2,2,1,2,4,4,3,1
"230",230,"Stu_cff24feeb056a12b115ee8c7f02768a0",2,2,3,"increased",2,5,2,2,5,3,3,2,1,5,1,4,4,1,5,5,5,5,4,2,2,2,1,3,1,1,4,1,2,1,1
"231",231,"Stu_d00aa72e22ab77185f6fed013e193a97",2,2,1,"moderate",5,3,1,3,3,5,4,1,5,2,2,1,1,3,1,3,3,3,3,5,5,5,4,4,1,4,1,5,4,4,1
"232",232,"Stu_d01d9b34130a516e9498003f7babe8d9",5,5,5,"single",1,1,5,5,1,3,2,5,2,1,1,5,5,5,5,1,1,1,1,1,1,1,1,1,5,4,1,1,1,1,1
"233",233,"Stu_d10848b0b7b28d08e713bfef224d5db0",4,4,4,"interleaved",4,1,2,3,1,2,4,2,5,1,2,2,2,5,1,2,1,2,2,4,4,3,2,4,2,2,3,5,3,1,1
"234",234,"Stu_d282bbbb232525570b1f511065832a7d",2,4,2,"interleaved",2,3,4,3,3,3,2,4,2,3,1,4,4,3,3,3,2,2,4,3,2,1,1,2,4,4,4,2,2,1,1
"235",235,"Stu_d2bec0c9ceced9e987cc57b869eb6d57",5,5,5,"increased",1,1,5,3,1,3,2,5,2,1,1,4,5,5,4,1,1,1,1,2,1,1,1,2,5,5,4,2,1,1,1
"236",236,"Stu_d41faea062f25e0426c6914e1e475d1f",5,4,5,"increased",5,2,1,4,1,1,5,2,5,1,3,1,1,4,1,2,2,2,2,5,4,4,4,3,1,2,2,5,4,4,2
"237",237,"Stu_d4eb24cc204f880e96d7bf15cad03e5a",1,1,1,"single",2,3,4,4,3,5,1,4,2,3,1,4,4,3,5,3,3,3,4,1,2,3,2,4,3,5,1,1,2,1,1
"238",238,"Stu_d5d61425646ed1d895555b8a5a9d0043",3,4,3,"moderate",3,1,4,2,2,3,3,4,3,1,2,3,3,5,3,1,2,1,1,3,3,3,2,3,4,5,3,2,3,2,1
"239",239,"Stu_d6f8f3c314240b1273bab7974507b296",3,1,1,"increased",3,5,3,2,5,1,4,2,3,5,1,2,3,2,2,4,5,4,5,3,3,4,2,5,3,2,3,3,4,4,1
"240",240,"Stu_d7384a6b624450317d7e8b0f48c9c108",2,1,1,"single",3,2,3,1,3,1,4,2,4,3,1,2,3,4,1,1,2,2,2,2,3,3,2,3,4,1,2,3,5,1,1
"241",241,"Stu_d752ee03401cd95ef4a773e232209d0c",4,4,4,"interleaved",4,3,2,4,3,1,4,2,4,4,1,3,2,3,3,3,2,3,3,4,4,3,3,4,3,2,3,3,4,2,1
"242",242,"Stu_d757221580aa35e364fc6c637f24f75f",1,1,2,"single",4,2,1,2,2,1,5,2,5,1,2,1,2,4,1,1,2,2,4,4,4,4,3,3,1,1,2,4,4,4,1
"243",243,"Stu_d782ce7bd3f10bf7fde3c70fbd1fd9c1",4,2,3,"interleaved",4,4,2,3,4,1,5,1,5,3,2,1,2,2,1,4,3,4,4,4,5,4,2,4,1,1,4,5,5,3,1
"244",244,"Stu_d7d4ee9b982f61677b2679c563c3fa0c",2,2,2,"interleaved",3,2,1,3,2,4,3,3,4,2,2,3,2,4,3,3,2,2,2,3,4,3,3,2,1,2,3,4,3,2,1
"245",245,"Stu_d84a34c5d03a6cd1eddb7997b071f37b",2,3,3,"interleaved",5,4,3,3,4,5,4,2,4,4,1,2,1,2,2,4,3,4,3,5,5,4,4,4,3,3,4,5,4,1,1
"246",246,"Stu_db36eeabd049238ff67f1cd36f596737",5,5,5,"increased",1,4,3,1,5,3,1,5,1,3,1,5,5,2,5,4,4,4,4,1,1,1,1,2,3,3,4,1,1,1,1
"247",247,"Stu_db3ccd574268f6db0142eaaca45319a8",5,4,2,"increased",4,2,2,4,2,3,4,2,5,2,1,1,2,4,1,3,3,2,2,4,5,4,2,2,1,1,4,4,5,2,1
"248",248,"Stu_dc2ac21fba220916a255dcc78c0e0a7c",4,4,4,"interleaved",4,2,3,3,2,3,4,2,5,2,2,1,2,4,1,3,2,2,2,4,4,4,3,2,4,4,1,4,5,4,1
"249",249,"Stu_dcea6e0e2a4e84872b47d6eb2ae8a9ac",1,3,2,"blocked",4,2,4,1,4,1,5,2,5,3,3,2,2,4,2,3,3,3,1,5,4,5,2,2,4,4,5,5,4,1,1
"250",250,"Stu_de050d27bc75537e6742b1be1186a330",2,3,2,"single",4,1,4,3,1,1,4,4,4,1,3,3,3,5,2,1,1,1,1,3,4,3,3,1,5,4,1,3,3,1,1
"251",251,"Stu_de32c2cc574a118ab9efc8b58e2622bc",5,3,4,"moderate",2,2,5,4,1,4,2,4,2,3,1,4,4,5,4,2,1,2,1,2,3,2,1,1,5,4,4,2,2,2,1
"252",252,"Stu_df0b806721c260c52e68e4ee8049bbac",5,4,5,"blocked",4,2,5,5,1,5,4,1,5,1,1,2,2,5,1,1,1,2,1,5,4,4,2,3,5,5,4,5,4,3,1
"253",253,"Stu_e118be814926eb017405e18c2ed43819",5,5,5,"moderate",4,1,2,4,1,2,4,1,5,2,2,2,2,5,2,1,1,1,1,4,4,3,3,2,3,3,1,4,4,1,1
"254",254,"Stu_e3f4411f6fcbaf51ccf5e702951eb310",1,1,1,"blocked",3,5,4,5,2,5,1,2,2,5,2,3,3,1,4,5,5,5,5,3,1,3,1,5,3,4,2,3,1,1,1
"255",255,"Stu_e52410bf10079a7f71efadf684037aa0",5,5,5,"single",1,1,5,5,1,4,2,5,1,1,1,5,5,5,5,1,1,1,1,2,1,1,1,1,5,5,1,1,1,1,1
"256",256,"Stu_e63681696c6716569543dbd5069daa2e",4,4,2,"single",2,2,1,5,1,4,2,4,4,1,1,3,3,4,2,2,2,2,2,3,2,3,1,3,1,1,2,3,3,1,1
"257",257,"Stu_e805902104a16be0f94b05a563dd28e1",3,2,2,"interleaved",1,5,1,2,5,3,1,2,1,5,1,5,5,1,5,5,5,5,5,1,1,1,1,2,1,1,3,1,1,1,1
"258",258,"Stu_e96bcec468fa5f96af04592eab19a44a",5,4,4,"increased",1,1,5,3,1,3,1,5,1,1,1,5,5,5,5,1,1,1,1,1,1,1,1,1,5,5,1,1,1,1,1
"259",259,"Stu_ebd9395cd25aae72d5233ef7d0b38497",3,1,1,"increased",2,3,1,2,4,4,1,2,3,4,1,4,4,2,4,3,4,4,4,1,1,2,1,4,2,2,3,1,2,1,1
"260",260,"Stu_ec9412a61f4ea3979f52c435e35012e8",1,1,1,"blocked",5,5,4,2,5,5,3,1,4,5,3,2,1,1,3,5,5,5,5,4,5,5,3,5,2,2,4,4,5,1,1
"261",261,"Stu_ecfcb02b77f13b9bde2a009d0e85e627",5,5,5,"single",2,1,4,3,2,2,2,5,2,1,1,4,4,5,5,1,2,1,1,2,2,1,1,2,4,1,2,2,2,1,1
"262",262,"Stu_ed973db3d2214b06baa3b55fa35e083a",2,2,2,"blocked",4,5,3,3,5,5,1,3,3,4,1,2,2,1,2,4,4,5,5,4,4,4,3,4,3,3,3,4,4,1,1
"263",263,"Stu_eebf47b9b3274301ca2b65eba029316a",4,3,4,"increased",4,3,2,5,1,5,3,2,4,3,1,2,2,3,2,4,3,3,3,4,4,4,3,4,2,2,5,4,5,2,1
"264",264,"Stu_ef2f765890131f81827620e232b80476",1,1,1,"single",3,3,1,1,5,2,3,3,3,3,1,2,3,2,3,3,4,4,3,3,3,3,2,3,1,2,1,2,3,4,2
"265",265,"Stu_f042abe800ae35b3253132a2851314a5",1,3,3,"interleaved",4,5,5,5,4,5,4,2,4,4,1,2,2,1,3,5,4,5,4,4,4,3,1,5,5,5,5,4,5,2,1
"266",266,"Stu_f0dd8724481a628f33c9736fb48392a9",3,2,3,"increased",5,4,5,4,3,5,4,2,4,3,2,2,1,2,1,4,3,4,3,5,4,5,4,5,5,5,4,4,3,4,1
"267",267,"Stu_f20aa074cd578f5664790b7bb5d27901",3,3,5,"increased",2,4,2,5,2,5,1,3,3,4,1,3,4,2,3,4,4,4,4,2,3,2,1,3,2,2,3,2,4,2,1
"268",268,"Stu_f2508b8823fae6b1f924d45cc0673887",1,1,1,"interleaved",5,5,5,2,5,4,4,1,4,5,3,1,1,1,2,5,5,5,5,4,5,5,4,5,5,5,5,4,5,4,2
"269",269,"Stu_f2e4e27e379ea8b3294cb84f0b556d39",4,4,5,"blocked",5,4,4,5,2,5,1,3,2,4,1,4,3,3,5,4,3,3,3,4,3,2,1,1,5,4,4,2,1,1,1
"270",270,"Stu_f2eb0ef523c64ab61738d1a866a281d2",3,5,3,"interleaved",3,1,2,5,1,4,3,3,4,2,2,3,3,4,3,2,2,1,1,3,3,3,1,3,3,1,4,3,3,1,1
"271",271,"Stu_f31040d9446f296e233b468702399173",1,1,2,"moderate",1,5,2,5,5,3,2,2,1,5,1,4,4,1,4,5,5,5,5,2,1,2,1,3,1,1,4,3,1,2,1
"272",272,"Stu_f3459d748a31a56608f253c57d235e13",4,3,4,"moderate",1,4,3,4,4,3,1,4,1,4,1,5,5,2,5,5,5,3,3,1,1,1,1,3,1,2,5,1,1,1,1
"273",273,"Stu_f37442127fa7fd2ea48cb8689ee592e6",3,3,4,"blocked",4,2,4,2,2,1,4,4,4,1,2,2,2,4,2,2,2,1,2,4,4,4,2,2,4,4,5,4,5,2,1
"274",274,"Stu_f3bd3a1147c0c8f159840c4c2bed0288",4,4,5,"increased",1,3,4,4,3,3,1,4,1,3,1,5,5,3,5,2,4,3,3,1,1,1,1,3,4,5,2,1,1,1,1
"275",275,"Stu_f4844c738cab499c40a07be5b4c4972e",3,2,2,"moderate",3,3,4,1,4,4,3,2,3,4,2,3,3,3,3,2,3,3,4,4,3,4,1,5,4,4,2,3,3,2,1
"276",276,"Stu_f597e993daf7f45a6e280bf225f12ec4",4,5,3,"interleaved",3,3,4,1,4,2,3,3,3,4,1,3,3,3,3,3,3,2,3,2,3,3,1,1,4,4,2,2,3,3,1
"277",277,"Stu_f6ca9d54f6db7a3a64faa0f08edddabd",5,5,5,"blocked",1,1,5,4,1,4,1,5,1,1,1,5,5,5,5,1,1,1,1,1,1,1,1,2,5,4,1,1,1,1,1
"278",278,"Stu_f8d2b7153b03da6c3982a2a1ea7f678a",4,2,3,"blocked",1,3,2,3,3,3,1,4,1,4,1,5,5,3,5,4,2,4,3,1,1,1,1,4,2,2,3,1,1,1,1
"279",279,"Stu_f97e6abbec9d302b11ae941aa6cc951e",2,2,4,"single",1,3,5,3,3,3,1,4,1,4,1,5,5,3,5,2,3,4,3,1,1,1,1,1,5,5,1,1,1,1,1
"280",280,"Stu_f9af6c738084824de9b7e789bc9ced81",3,3,4,"interleaved",5,5,2,1,5,2,5,2,3,5,3,2,1,1,3,5,5,4,5,5,5,5,4,4,2,3,4,4,4,1,1
"281",281,"Stu_f9d5192e1b0fda315130aa7e9264255b",2,1,1,"moderate",4,4,3,2,5,2,4,2,4,5,3,2,2,2,2,5,4,4,4,4,4,5,3,5,2,2,5,4,4,2,1
"282",282,"Stu_f9e4e31bde5d45bed6698b53f483af2c",3,4,2,"increased",2,1,4,5,1,4,1,5,3,2,1,4,4,5,4,1,1,1,1,2,1,2,1,3,4,4,4,2,1,3,1
"283",283,"Stu_fa111119a7cf248581059485691c823c",4,5,4,"single",1,2,5,2,3,3,2,5,1,2,1,5,5,4,5,2,2,3,3,1,1,1,1,3,4,5,1,1,1,1,1
"284",284,"Stu_fa84e85213b7569c7107fdb4be8fafbb",2,1,1,"increased",1,5,5,5,2,3,2,2,1,5,1,5,5,1,5,5,5,4,4,2,1,1,1,2,5,4,3,1,1,1,1
"285",285,"Stu_fada75c6a5ec8da9b4679b1c055e2e5f",5,5,5,"blocked",2,1,5,2,1,2,3,5,3,1,1,4,4,5,4,1,1,1,1,2,2,1,1,1,5,5,2,2,2,1,1
"286",286,"Stu_fb73356c923072b0b3a3bae4d71a327a",2,2,3,"single",5,2,5,4,1,5,5,1,5,1,3,1,1,4,1,2,2,2,2,5,5,5,4,1,4,5,1,5,5,3,1
"287",287,"Stu_fd25528f3428e5217cd925e1ef4b2996",2,3,3,"increased",3,3,2,3,3,3,3,3,4,3,1,2,3,3,2,2,3,4,3,2,3,3,2,3,2,2,4,2,4,4,1
"288",288,"Stu_fd35ae3d66b7d0b5bd0a2c0d77c2b8d8",1,1,1,"single",1,4,1,2,4,2,2,3,2,4,1,4,4,2,4,3,2,4,5,2,1,1,1,4,2,1,1,2,2,1,1
"289",289,"Stu_fe40b3bf8e9597a60472b5d2a27f55fb",5,4,4,"interleaved",1,2,3,2,3,3,2,4,2,3,1,4,5,3,4,2,2,3,3,2,1,1,1,2,3,3,3,2,1,1,1
"290",290,"Stu_fe82ec4f55056ddc9a240e5ea03ca108",5,5,4,"increased",2,4,1,3,3,2,3,3,2,4,1,3,4,2,3,4,4,4,4,3,1,3,1,5,3,2,2,3,1,3,1
